id,task,prompt_id,provider,model,temperature,top_p,max_tokens,input,question,context,reference,output,error
S1,summarization,baseline_sum,mock,mock-model,0.0,0.9,196,A coastal city invested in seawalls and wetland restoration to reduce storm surge risk. Policymakers are evaluating long-term trade-offs.,,,,(MOCK) A coastal city invested in seawalls and wetland restoration to reduce storm surge risk.,False
S2,summarization,baseline_sum,mock,mock-model,0.0,0.9,196,Quantum computers exploit superposition and entanglement for speedups on specific problems. Policymakers are evaluating long-term trade-offs.,,,,(MOCK) Quantum computers exploit superposition and entanglement for speedups on specific problems.,False
S3,summarization,baseline_sum,mock,mock-model,0.0,0.9,196,A sports analytics team used player tracking data to optimize defenses. Policymakers are evaluating long-term trade-offs.,,,,(MOCK) A sports analytics team used player tracking data to optimize defenses.,False
S4,summarization,baseline_sum,mock,mock-model,0.0,0.9,196,CRISPR enables precise genome editing; it offers potential cures but raises ethical questions. Policymakers are evaluating long-term trade-offs.,,,,(MOCK) CRISPR enables precise genome editing; it offers potential cures but raises ethical questions.,False
S5,summarization,baseline_sum,mock,mock-model,0.0,0.9,196,A city introduced congestion pricing to cut traffic and fund public transit. Policymakers are evaluating long-term trade-offs.,,,,(MOCK) A city introduced congestion pricing to cut traffic and fund public transit.,False
S6,summarization,baseline_sum,mock,mock-model,0.0,0.9,196,A sports analytics team used player tracking data to optimize defenses.,,,,(MOCK) A sports analytics team used player tracking data to optimize defenses.,False
S7,summarization,baseline_sum,mock,mock-model,0.0,0.9,196,A public health campaign raised vaccination rates with personalized text reminders.,,,,(MOCK) A public health campaign raised vaccination rates with personalized text reminders.,False
S8,summarization,baseline_sum,mock,mock-model,0.0,0.9,196,A startup launched an AI tutor that adapts to each student’s pace and feedback.,,,,(MOCK) A startup launched an AI tutor that adapts to each student’s pace and feedback.,False
S9,summarization,baseline_sum,mock,mock-model,0.0,0.9,196,A startup launched an AI tutor that adapts to each student’s pace and feedback. Policymakers are evaluating long-term trade-offs.,,,,(MOCK) A startup launched an AI tutor that adapts to each student’s pace and feedback.,False
S10,summarization,baseline_sum,mock,mock-model,0.0,0.9,196,A coastal city invested in seawalls and wetland restoration to reduce storm surge risk. Policymakers are evaluating long-term trade-offs.,,,,(MOCK) A coastal city invested in seawalls and wetland restoration to reduce storm surge risk.,False
S11,summarization,baseline_sum,mock,mock-model,0.0,0.9,196,"A new battery chemistry promises higher energy density and faster charging, with safety trade-offs.",,,,"(MOCK) A new battery chemistry promises higher energy density and faster charging, with safety trade-offs.",False
S12,summarization,baseline_sum,mock,mock-model,0.0,0.9,196,"A museum digitized archives, boosting access but raising copyright concerns.",,,,"(MOCK) A museum digitized archives, boosting access but raising copyright concerns.",False
S13,summarization,baseline_sum,mock,mock-model,0.0,0.9,196,An autonomous vehicle pilot expanded to suburbs after fewer disengagements in city tests. Policymakers are evaluating long-term trade-offs.,,,,(MOCK) An autonomous vehicle pilot expanded to suburbs after fewer disengagements in city tests.,False
S14,summarization,baseline_sum,mock,mock-model,0.0,0.9,196,A city introduced congestion pricing to cut traffic and fund public transit.,,,,(MOCK) A city introduced congestion pricing to cut traffic and fund public transit.,False
S15,summarization,baseline_sum,mock,mock-model,0.0,0.9,196,Quantum computers exploit superposition and entanglement for speedups on specific problems.,,,,(MOCK) Quantum computers exploit superposition and entanglement for speedups on specific problems.,False
S16,summarization,baseline_sum,mock,mock-model,0.0,0.9,196,Quantum computers exploit superposition and entanglement for speedups on specific problems.,,,,(MOCK) Quantum computers exploit superposition and entanglement for speedups on specific problems.,False
S17,summarization,baseline_sum,mock,mock-model,0.0,0.9,196,Quantum computers exploit superposition and entanglement for speedups on specific problems.,,,,(MOCK) Quantum computers exploit superposition and entanglement for speedups on specific problems.,False
S18,summarization,baseline_sum,mock,mock-model,0.0,0.9,196,"A museum digitized archives, boosting access but raising copyright concerns.",,,,"(MOCK) A museum digitized archives, boosting access but raising copyright concerns.",False
S19,summarization,baseline_sum,mock,mock-model,0.0,0.9,196,"A new battery chemistry promises higher energy density and faster charging, with safety trade-offs.",,,,"(MOCK) A new battery chemistry promises higher energy density and faster charging, with safety trade-offs.",False
S20,summarization,baseline_sum,mock,mock-model,0.0,0.9,196,A coastal city invested in seawalls and wetland restoration to reduce storm surge risk.,,,,(MOCK) A coastal city invested in seawalls and wetland restoration to reduce storm surge risk.,False
S21,summarization,baseline_sum,mock,mock-model,0.0,0.9,196,Quantum computers exploit superposition and entanglement for speedups on specific problems. Policymakers are evaluating long-term trade-offs.,,,,(MOCK) Quantum computers exploit superposition and entanglement for speedups on specific problems.,False
S22,summarization,baseline_sum,mock,mock-model,0.0,0.9,196,A sports analytics team used player tracking data to optimize defenses. Policymakers are evaluating long-term trade-offs.,,,,(MOCK) A sports analytics team used player tracking data to optimize defenses.,False
S23,summarization,baseline_sum,mock,mock-model,0.0,0.9,196,CRISPR enables precise genome editing; it offers potential cures but raises ethical questions. Policymakers are evaluating long-term trade-offs.,,,,(MOCK) CRISPR enables precise genome editing; it offers potential cures but raises ethical questions.,False
S24,summarization,baseline_sum,mock,mock-model,0.0,0.9,196,"A new battery chemistry promises higher energy density and faster charging, with safety trade-offs.",,,,"(MOCK) A new battery chemistry promises higher energy density and faster charging, with safety trade-offs.",False
S25,summarization,baseline_sum,mock,mock-model,0.0,0.9,196,A city introduced congestion pricing to cut traffic and fund public transit.,,,,(MOCK) A city introduced congestion pricing to cut traffic and fund public transit.,False
S26,summarization,baseline_sum,mock,mock-model,0.0,0.9,196,"A museum digitized archives, boosting access but raising copyright concerns.",,,,"(MOCK) A museum digitized archives, boosting access but raising copyright concerns.",False
S27,summarization,baseline_sum,mock,mock-model,0.0,0.9,196,"A museum digitized archives, boosting access but raising copyright concerns. Policymakers are evaluating long-term trade-offs.",,,,"(MOCK) A museum digitized archives, boosting access but raising copyright concerns.",False
S28,summarization,baseline_sum,mock,mock-model,0.0,0.9,196,A sports analytics team used player tracking data to optimize defenses.,,,,(MOCK) A sports analytics team used player tracking data to optimize defenses.,False
S29,summarization,baseline_sum,mock,mock-model,0.0,0.9,196,An autonomous vehicle pilot expanded to suburbs after fewer disengagements in city tests.,,,,(MOCK) An autonomous vehicle pilot expanded to suburbs after fewer disengagements in city tests.,False
S30,summarization,baseline_sum,mock,mock-model,0.0,0.9,196,Quantum computers exploit superposition and entanglement for speedups on specific problems.,,,,(MOCK) Quantum computers exploit superposition and entanglement for speedups on specific problems.,False
S31,summarization,baseline_sum,mock,mock-model,0.0,0.9,196,"A museum digitized archives, boosting access but raising copyright concerns. Policymakers are evaluating long-term trade-offs.",,,,"(MOCK) A museum digitized archives, boosting access but raising copyright concerns.",False
S32,summarization,baseline_sum,mock,mock-model,0.0,0.9,196,A coastal city invested in seawalls and wetland restoration to reduce storm surge risk. Policymakers are evaluating long-term trade-offs.,,,,(MOCK) A coastal city invested in seawalls and wetland restoration to reduce storm surge risk.,False
S33,summarization,baseline_sum,mock,mock-model,0.0,0.9,196,An autonomous vehicle pilot expanded to suburbs after fewer disengagements in city tests.,,,,(MOCK) An autonomous vehicle pilot expanded to suburbs after fewer disengagements in city tests.,False
S34,summarization,baseline_sum,mock,mock-model,0.0,0.9,196,A city introduced congestion pricing to cut traffic and fund public transit.,,,,(MOCK) A city introduced congestion pricing to cut traffic and fund public transit.,False
S35,summarization,baseline_sum,mock,mock-model,0.0,0.9,196,A sports analytics team used player tracking data to optimize defenses.,,,,(MOCK) A sports analytics team used player tracking data to optimize defenses.,False
S36,summarization,baseline_sum,mock,mock-model,0.0,0.9,196,A coastal city invested in seawalls and wetland restoration to reduce storm surge risk.,,,,(MOCK) A coastal city invested in seawalls and wetland restoration to reduce storm surge risk.,False
S37,summarization,baseline_sum,mock,mock-model,0.0,0.9,196,A public health campaign raised vaccination rates with personalized text reminders.,,,,(MOCK) A public health campaign raised vaccination rates with personalized text reminders.,False
S38,summarization,baseline_sum,mock,mock-model,0.0,0.9,196,A public health campaign raised vaccination rates with personalized text reminders.,,,,(MOCK) A public health campaign raised vaccination rates with personalized text reminders.,False
S39,summarization,baseline_sum,mock,mock-model,0.0,0.9,196,A public health campaign raised vaccination rates with personalized text reminders.,,,,(MOCK) A public health campaign raised vaccination rates with personalized text reminders.,False
S40,summarization,baseline_sum,mock,mock-model,0.0,0.9,196,A sports analytics team used player tracking data to optimize defenses.,,,,(MOCK) A sports analytics team used player tracking data to optimize defenses.,False
S1,summarization,baseline_sum,mock,mock-model,0.3,0.9,196,A coastal city invested in seawalls and wetland restoration to reduce storm surge risk. Policymakers are evaluating long-term trade-offs.,,,,(MOCK) A coastal city invested in seawalls and wetland restoration to reduce storm surge risk.,False
S2,summarization,baseline_sum,mock,mock-model,0.3,0.9,196,Quantum computers exploit superposition and entanglement for speedups on specific problems. Policymakers are evaluating long-term trade-offs.,,,,(MOCK) Quantum computers exploit superposition and entanglement for speedups on specific problems.,False
S3,summarization,baseline_sum,mock,mock-model,0.3,0.9,196,A sports analytics team used player tracking data to optimize defenses. Policymakers are evaluating long-term trade-offs.,,,,(MOCK) A sports analytics team used player tracking data to optimize defenses.,False
S4,summarization,baseline_sum,mock,mock-model,0.3,0.9,196,CRISPR enables precise genome editing; it offers potential cures but raises ethical questions. Policymakers are evaluating long-term trade-offs.,,,,(MOCK) CRISPR enables precise genome editing; it offers potential cures but raises ethical questions.,False
S5,summarization,baseline_sum,mock,mock-model,0.3,0.9,196,A city introduced congestion pricing to cut traffic and fund public transit. Policymakers are evaluating long-term trade-offs.,,,,(MOCK) A city introduced congestion pricing to cut traffic and fund public transit.,False
S6,summarization,baseline_sum,mock,mock-model,0.3,0.9,196,A sports analytics team used player tracking data to optimize defenses.,,,,(MOCK) A sports analytics team used player tracking data to optimize defenses.,False
S7,summarization,baseline_sum,mock,mock-model,0.3,0.9,196,A public health campaign raised vaccination rates with personalized text reminders.,,,,(MOCK) A public health campaign raised vaccination rates with personalized text reminders.,False
S8,summarization,baseline_sum,mock,mock-model,0.3,0.9,196,A startup launched an AI tutor that adapts to each student’s pace and feedback.,,,,(MOCK) A startup launched an AI tutor that adapts to each student’s pace and feedback.,False
S9,summarization,baseline_sum,mock,mock-model,0.3,0.9,196,A startup launched an AI tutor that adapts to each student’s pace and feedback. Policymakers are evaluating long-term trade-offs.,,,,(MOCK) A startup launched an AI tutor that adapts to each student’s pace and feedback.,False
S10,summarization,baseline_sum,mock,mock-model,0.3,0.9,196,A coastal city invested in seawalls and wetland restoration to reduce storm surge risk. Policymakers are evaluating long-term trade-offs.,,,,(MOCK) A coastal city invested in seawalls and wetland restoration to reduce storm surge risk.,False
S11,summarization,baseline_sum,mock,mock-model,0.3,0.9,196,"A new battery chemistry promises higher energy density and faster charging, with safety trade-offs.",,,,"(MOCK) A new battery chemistry promises higher energy density and faster charging, with safety trade-offs.",False
S12,summarization,baseline_sum,mock,mock-model,0.3,0.9,196,"A museum digitized archives, boosting access but raising copyright concerns.",,,,"(MOCK) A museum digitized archives, boosting access but raising copyright concerns.",False
S13,summarization,baseline_sum,mock,mock-model,0.3,0.9,196,An autonomous vehicle pilot expanded to suburbs after fewer disengagements in city tests. Policymakers are evaluating long-term trade-offs.,,,,(MOCK) An autonomous vehicle pilot expanded to suburbs after fewer disengagements in city tests.,False
S14,summarization,baseline_sum,mock,mock-model,0.3,0.9,196,A city introduced congestion pricing to cut traffic and fund public transit.,,,,(MOCK) A city introduced congestion pricing to cut traffic and fund public transit.,False
S15,summarization,baseline_sum,mock,mock-model,0.3,0.9,196,Quantum computers exploit superposition and entanglement for speedups on specific problems.,,,,(MOCK) Quantum computers exploit superposition and entanglement for speedups on specific problems.,False
S16,summarization,baseline_sum,mock,mock-model,0.3,0.9,196,Quantum computers exploit superposition and entanglement for speedups on specific problems.,,,,(MOCK) Quantum computers exploit superposition and entanglement for speedups on specific problems.,False
S17,summarization,baseline_sum,mock,mock-model,0.3,0.9,196,Quantum computers exploit superposition and entanglement for speedups on specific problems.,,,,(MOCK) Quantum computers exploit superposition and entanglement for speedups on specific problems.,False
S18,summarization,baseline_sum,mock,mock-model,0.3,0.9,196,"A museum digitized archives, boosting access but raising copyright concerns.",,,,"(MOCK) A museum digitized archives, boosting access but raising copyright concerns.",False
S19,summarization,baseline_sum,mock,mock-model,0.3,0.9,196,"A new battery chemistry promises higher energy density and faster charging, with safety trade-offs.",,,,"(MOCK) A new battery chemistry promises higher energy density and faster charging, with safety trade-offs.",False
S20,summarization,baseline_sum,mock,mock-model,0.3,0.9,196,A coastal city invested in seawalls and wetland restoration to reduce storm surge risk.,,,,(MOCK) A coastal city invested in seawalls and wetland restoration to reduce storm surge risk.,False
S21,summarization,baseline_sum,mock,mock-model,0.3,0.9,196,Quantum computers exploit superposition and entanglement for speedups on specific problems. Policymakers are evaluating long-term trade-offs.,,,,(MOCK) Quantum computers exploit superposition and entanglement for speedups on specific problems.,False
S22,summarization,baseline_sum,mock,mock-model,0.3,0.9,196,A sports analytics team used player tracking data to optimize defenses. Policymakers are evaluating long-term trade-offs.,,,,(MOCK) A sports analytics team used player tracking data to optimize defenses.,False
S23,summarization,baseline_sum,mock,mock-model,0.3,0.9,196,CRISPR enables precise genome editing; it offers potential cures but raises ethical questions. Policymakers are evaluating long-term trade-offs.,,,,(MOCK) CRISPR enables precise genome editing; it offers potential cures but raises ethical questions.,False
S24,summarization,baseline_sum,mock,mock-model,0.3,0.9,196,"A new battery chemistry promises higher energy density and faster charging, with safety trade-offs.",,,,"(MOCK) A new battery chemistry promises higher energy density and faster charging, with safety trade-offs.",False
S25,summarization,baseline_sum,mock,mock-model,0.3,0.9,196,A city introduced congestion pricing to cut traffic and fund public transit.,,,,(MOCK) A city introduced congestion pricing to cut traffic and fund public transit.,False
S26,summarization,baseline_sum,mock,mock-model,0.3,0.9,196,"A museum digitized archives, boosting access but raising copyright concerns.",,,,"(MOCK) A museum digitized archives, boosting access but raising copyright concerns.",False
S27,summarization,baseline_sum,mock,mock-model,0.3,0.9,196,"A museum digitized archives, boosting access but raising copyright concerns. Policymakers are evaluating long-term trade-offs.",,,,"(MOCK) A museum digitized archives, boosting access but raising copyright concerns.",False
S28,summarization,baseline_sum,mock,mock-model,0.3,0.9,196,A sports analytics team used player tracking data to optimize defenses.,,,,(MOCK) A sports analytics team used player tracking data to optimize defenses.,False
S29,summarization,baseline_sum,mock,mock-model,0.3,0.9,196,An autonomous vehicle pilot expanded to suburbs after fewer disengagements in city tests.,,,,(MOCK) An autonomous vehicle pilot expanded to suburbs after fewer disengagements in city tests.,False
S30,summarization,baseline_sum,mock,mock-model,0.3,0.9,196,Quantum computers exploit superposition and entanglement for speedups on specific problems.,,,,(MOCK) Quantum computers exploit superposition and entanglement for speedups on specific problems.,False
S31,summarization,baseline_sum,mock,mock-model,0.3,0.9,196,"A museum digitized archives, boosting access but raising copyright concerns. Policymakers are evaluating long-term trade-offs.",,,,"(MOCK) A museum digitized archives, boosting access but raising copyright concerns.",False
S32,summarization,baseline_sum,mock,mock-model,0.3,0.9,196,A coastal city invested in seawalls and wetland restoration to reduce storm surge risk. Policymakers are evaluating long-term trade-offs.,,,,(MOCK) A coastal city invested in seawalls and wetland restoration to reduce storm surge risk.,False
S33,summarization,baseline_sum,mock,mock-model,0.3,0.9,196,An autonomous vehicle pilot expanded to suburbs after fewer disengagements in city tests.,,,,(MOCK) An autonomous vehicle pilot expanded to suburbs after fewer disengagements in city tests.,False
S34,summarization,baseline_sum,mock,mock-model,0.3,0.9,196,A city introduced congestion pricing to cut traffic and fund public transit.,,,,(MOCK) A city introduced congestion pricing to cut traffic and fund public transit.,False
S35,summarization,baseline_sum,mock,mock-model,0.3,0.9,196,A sports analytics team used player tracking data to optimize defenses.,,,,(MOCK) A sports analytics team used player tracking data to optimize defenses.,False
S36,summarization,baseline_sum,mock,mock-model,0.3,0.9,196,A coastal city invested in seawalls and wetland restoration to reduce storm surge risk.,,,,(MOCK) A coastal city invested in seawalls and wetland restoration to reduce storm surge risk.,False
S37,summarization,baseline_sum,mock,mock-model,0.3,0.9,196,A public health campaign raised vaccination rates with personalized text reminders.,,,,(MOCK) A public health campaign raised vaccination rates with personalized text reminders.,False
S38,summarization,baseline_sum,mock,mock-model,0.3,0.9,196,A public health campaign raised vaccination rates with personalized text reminders.,,,,(MOCK) A public health campaign raised vaccination rates with personalized text reminders.,False
S39,summarization,baseline_sum,mock,mock-model,0.3,0.9,196,A public health campaign raised vaccination rates with personalized text reminders.,,,,(MOCK) A public health campaign raised vaccination rates with personalized text reminders.,False
S40,summarization,baseline_sum,mock,mock-model,0.3,0.9,196,A sports analytics team used player tracking data to optimize defenses.,,,,(MOCK) A sports analytics team used player tracking data to optimize defenses.,False
S1,summarization,role_sum,mock,mock-model,0.0,0.9,196,A coastal city invested in seawalls and wetland restoration to reduce storm surge risk. Policymakers are evaluating long-term trade-offs.,,,,(MOCK) A coastal city invested in seawalls and wetland restoration to reduce storm surge risk.,False
S2,summarization,role_sum,mock,mock-model,0.0,0.9,196,Quantum computers exploit superposition and entanglement for speedups on specific problems. Policymakers are evaluating long-term trade-offs.,,,,(MOCK) Quantum computers exploit superposition and entanglement for speedups on specific problems.,False
S3,summarization,role_sum,mock,mock-model,0.0,0.9,196,A sports analytics team used player tracking data to optimize defenses. Policymakers are evaluating long-term trade-offs.,,,,(MOCK) A sports analytics team used player tracking data to optimize defenses.,False
S4,summarization,role_sum,mock,mock-model,0.0,0.9,196,CRISPR enables precise genome editing; it offers potential cures but raises ethical questions. Policymakers are evaluating long-term trade-offs.,,,,(MOCK) CRISPR enables precise genome editing; it offers potential cures but raises ethical questions.,False
S5,summarization,role_sum,mock,mock-model,0.0,0.9,196,A city introduced congestion pricing to cut traffic and fund public transit. Policymakers are evaluating long-term trade-offs.,,,,(MOCK) A city introduced congestion pricing to cut traffic and fund public transit.,False
S6,summarization,role_sum,mock,mock-model,0.0,0.9,196,A sports analytics team used player tracking data to optimize defenses.,,,,(MOCK) A sports analytics team used player tracking data to optimize defenses.,False
S7,summarization,role_sum,mock,mock-model,0.0,0.9,196,A public health campaign raised vaccination rates with personalized text reminders.,,,,(MOCK) A public health campaign raised vaccination rates with personalized text reminders.,False
S8,summarization,role_sum,mock,mock-model,0.0,0.9,196,A startup launched an AI tutor that adapts to each student’s pace and feedback.,,,,(MOCK) A startup launched an AI tutor that adapts to each student’s pace and feedback.,False
S9,summarization,role_sum,mock,mock-model,0.0,0.9,196,A startup launched an AI tutor that adapts to each student’s pace and feedback. Policymakers are evaluating long-term trade-offs.,,,,(MOCK) A startup launched an AI tutor that adapts to each student’s pace and feedback.,False
S10,summarization,role_sum,mock,mock-model,0.0,0.9,196,A coastal city invested in seawalls and wetland restoration to reduce storm surge risk. Policymakers are evaluating long-term trade-offs.,,,,(MOCK) A coastal city invested in seawalls and wetland restoration to reduce storm surge risk.,False
S11,summarization,role_sum,mock,mock-model,0.0,0.9,196,"A new battery chemistry promises higher energy density and faster charging, with safety trade-offs.",,,,"(MOCK) A new battery chemistry promises higher energy density and faster charging, with safety trade-offs.",False
S12,summarization,role_sum,mock,mock-model,0.0,0.9,196,"A museum digitized archives, boosting access but raising copyright concerns.",,,,"(MOCK) A museum digitized archives, boosting access but raising copyright concerns.",False
S13,summarization,role_sum,mock,mock-model,0.0,0.9,196,An autonomous vehicle pilot expanded to suburbs after fewer disengagements in city tests. Policymakers are evaluating long-term trade-offs.,,,,(MOCK) An autonomous vehicle pilot expanded to suburbs after fewer disengagements in city tests.,False
S14,summarization,role_sum,mock,mock-model,0.0,0.9,196,A city introduced congestion pricing to cut traffic and fund public transit.,,,,(MOCK) A city introduced congestion pricing to cut traffic and fund public transit.,False
S15,summarization,role_sum,mock,mock-model,0.0,0.9,196,Quantum computers exploit superposition and entanglement for speedups on specific problems.,,,,(MOCK) Quantum computers exploit superposition and entanglement for speedups on specific problems.,False
S16,summarization,role_sum,mock,mock-model,0.0,0.9,196,Quantum computers exploit superposition and entanglement for speedups on specific problems.,,,,(MOCK) Quantum computers exploit superposition and entanglement for speedups on specific problems.,False
S17,summarization,role_sum,mock,mock-model,0.0,0.9,196,Quantum computers exploit superposition and entanglement for speedups on specific problems.,,,,(MOCK) Quantum computers exploit superposition and entanglement for speedups on specific problems.,False
S18,summarization,role_sum,mock,mock-model,0.0,0.9,196,"A museum digitized archives, boosting access but raising copyright concerns.",,,,"(MOCK) A museum digitized archives, boosting access but raising copyright concerns.",False
S19,summarization,role_sum,mock,mock-model,0.0,0.9,196,"A new battery chemistry promises higher energy density and faster charging, with safety trade-offs.",,,,"(MOCK) A new battery chemistry promises higher energy density and faster charging, with safety trade-offs.",False
S20,summarization,role_sum,mock,mock-model,0.0,0.9,196,A coastal city invested in seawalls and wetland restoration to reduce storm surge risk.,,,,(MOCK) A coastal city invested in seawalls and wetland restoration to reduce storm surge risk.,False
S21,summarization,role_sum,mock,mock-model,0.0,0.9,196,Quantum computers exploit superposition and entanglement for speedups on specific problems. Policymakers are evaluating long-term trade-offs.,,,,(MOCK) Quantum computers exploit superposition and entanglement for speedups on specific problems.,False
S22,summarization,role_sum,mock,mock-model,0.0,0.9,196,A sports analytics team used player tracking data to optimize defenses. Policymakers are evaluating long-term trade-offs.,,,,(MOCK) A sports analytics team used player tracking data to optimize defenses.,False
S23,summarization,role_sum,mock,mock-model,0.0,0.9,196,CRISPR enables precise genome editing; it offers potential cures but raises ethical questions. Policymakers are evaluating long-term trade-offs.,,,,(MOCK) CRISPR enables precise genome editing; it offers potential cures but raises ethical questions.,False
S24,summarization,role_sum,mock,mock-model,0.0,0.9,196,"A new battery chemistry promises higher energy density and faster charging, with safety trade-offs.",,,,"(MOCK) A new battery chemistry promises higher energy density and faster charging, with safety trade-offs.",False
S25,summarization,role_sum,mock,mock-model,0.0,0.9,196,A city introduced congestion pricing to cut traffic and fund public transit.,,,,(MOCK) A city introduced congestion pricing to cut traffic and fund public transit.,False
S26,summarization,role_sum,mock,mock-model,0.0,0.9,196,"A museum digitized archives, boosting access but raising copyright concerns.",,,,"(MOCK) A museum digitized archives, boosting access but raising copyright concerns.",False
S27,summarization,role_sum,mock,mock-model,0.0,0.9,196,"A museum digitized archives, boosting access but raising copyright concerns. Policymakers are evaluating long-term trade-offs.",,,,"(MOCK) A museum digitized archives, boosting access but raising copyright concerns.",False
S28,summarization,role_sum,mock,mock-model,0.0,0.9,196,A sports analytics team used player tracking data to optimize defenses.,,,,(MOCK) A sports analytics team used player tracking data to optimize defenses.,False
S29,summarization,role_sum,mock,mock-model,0.0,0.9,196,An autonomous vehicle pilot expanded to suburbs after fewer disengagements in city tests.,,,,(MOCK) An autonomous vehicle pilot expanded to suburbs after fewer disengagements in city tests.,False
S30,summarization,role_sum,mock,mock-model,0.0,0.9,196,Quantum computers exploit superposition and entanglement for speedups on specific problems.,,,,(MOCK) Quantum computers exploit superposition and entanglement for speedups on specific problems.,False
S31,summarization,role_sum,mock,mock-model,0.0,0.9,196,"A museum digitized archives, boosting access but raising copyright concerns. Policymakers are evaluating long-term trade-offs.",,,,"(MOCK) A museum digitized archives, boosting access but raising copyright concerns.",False
S32,summarization,role_sum,mock,mock-model,0.0,0.9,196,A coastal city invested in seawalls and wetland restoration to reduce storm surge risk. Policymakers are evaluating long-term trade-offs.,,,,(MOCK) A coastal city invested in seawalls and wetland restoration to reduce storm surge risk.,False
S33,summarization,role_sum,mock,mock-model,0.0,0.9,196,An autonomous vehicle pilot expanded to suburbs after fewer disengagements in city tests.,,,,(MOCK) An autonomous vehicle pilot expanded to suburbs after fewer disengagements in city tests.,False
S34,summarization,role_sum,mock,mock-model,0.0,0.9,196,A city introduced congestion pricing to cut traffic and fund public transit.,,,,(MOCK) A city introduced congestion pricing to cut traffic and fund public transit.,False
S35,summarization,role_sum,mock,mock-model,0.0,0.9,196,A sports analytics team used player tracking data to optimize defenses.,,,,(MOCK) A sports analytics team used player tracking data to optimize defenses.,False
S36,summarization,role_sum,mock,mock-model,0.0,0.9,196,A coastal city invested in seawalls and wetland restoration to reduce storm surge risk.,,,,(MOCK) A coastal city invested in seawalls and wetland restoration to reduce storm surge risk.,False
S37,summarization,role_sum,mock,mock-model,0.0,0.9,196,A public health campaign raised vaccination rates with personalized text reminders.,,,,(MOCK) A public health campaign raised vaccination rates with personalized text reminders.,False
S38,summarization,role_sum,mock,mock-model,0.0,0.9,196,A public health campaign raised vaccination rates with personalized text reminders.,,,,(MOCK) A public health campaign raised vaccination rates with personalized text reminders.,False
S39,summarization,role_sum,mock,mock-model,0.0,0.9,196,A public health campaign raised vaccination rates with personalized text reminders.,,,,(MOCK) A public health campaign raised vaccination rates with personalized text reminders.,False
S40,summarization,role_sum,mock,mock-model,0.0,0.9,196,A sports analytics team used player tracking data to optimize defenses.,,,,(MOCK) A sports analytics team used player tracking data to optimize defenses.,False
S1,summarization,role_sum,mock,mock-model,0.3,0.9,196,A coastal city invested in seawalls and wetland restoration to reduce storm surge risk. Policymakers are evaluating long-term trade-offs.,,,,(MOCK) A coastal city invested in seawalls and wetland restoration to reduce storm surge risk.,False
S2,summarization,role_sum,mock,mock-model,0.3,0.9,196,Quantum computers exploit superposition and entanglement for speedups on specific problems. Policymakers are evaluating long-term trade-offs.,,,,(MOCK) Quantum computers exploit superposition and entanglement for speedups on specific problems.,False
S3,summarization,role_sum,mock,mock-model,0.3,0.9,196,A sports analytics team used player tracking data to optimize defenses. Policymakers are evaluating long-term trade-offs.,,,,(MOCK) A sports analytics team used player tracking data to optimize defenses.,False
S4,summarization,role_sum,mock,mock-model,0.3,0.9,196,CRISPR enables precise genome editing; it offers potential cures but raises ethical questions. Policymakers are evaluating long-term trade-offs.,,,,(MOCK) CRISPR enables precise genome editing; it offers potential cures but raises ethical questions.,False
S5,summarization,role_sum,mock,mock-model,0.3,0.9,196,A city introduced congestion pricing to cut traffic and fund public transit. Policymakers are evaluating long-term trade-offs.,,,,(MOCK) A city introduced congestion pricing to cut traffic and fund public transit.,False
S6,summarization,role_sum,mock,mock-model,0.3,0.9,196,A sports analytics team used player tracking data to optimize defenses.,,,,(MOCK) A sports analytics team used player tracking data to optimize defenses.,False
S7,summarization,role_sum,mock,mock-model,0.3,0.9,196,A public health campaign raised vaccination rates with personalized text reminders.,,,,(MOCK) A public health campaign raised vaccination rates with personalized text reminders.,False
S8,summarization,role_sum,mock,mock-model,0.3,0.9,196,A startup launched an AI tutor that adapts to each student’s pace and feedback.,,,,(MOCK) A startup launched an AI tutor that adapts to each student’s pace and feedback.,False
S9,summarization,role_sum,mock,mock-model,0.3,0.9,196,A startup launched an AI tutor that adapts to each student’s pace and feedback. Policymakers are evaluating long-term trade-offs.,,,,(MOCK) A startup launched an AI tutor that adapts to each student’s pace and feedback.,False
S10,summarization,role_sum,mock,mock-model,0.3,0.9,196,A coastal city invested in seawalls and wetland restoration to reduce storm surge risk. Policymakers are evaluating long-term trade-offs.,,,,(MOCK) A coastal city invested in seawalls and wetland restoration to reduce storm surge risk.,False
S11,summarization,role_sum,mock,mock-model,0.3,0.9,196,"A new battery chemistry promises higher energy density and faster charging, with safety trade-offs.",,,,"(MOCK) A new battery chemistry promises higher energy density and faster charging, with safety trade-offs.",False
S12,summarization,role_sum,mock,mock-model,0.3,0.9,196,"A museum digitized archives, boosting access but raising copyright concerns.",,,,"(MOCK) A museum digitized archives, boosting access but raising copyright concerns.",False
S13,summarization,role_sum,mock,mock-model,0.3,0.9,196,An autonomous vehicle pilot expanded to suburbs after fewer disengagements in city tests. Policymakers are evaluating long-term trade-offs.,,,,(MOCK) An autonomous vehicle pilot expanded to suburbs after fewer disengagements in city tests.,False
S14,summarization,role_sum,mock,mock-model,0.3,0.9,196,A city introduced congestion pricing to cut traffic and fund public transit.,,,,(MOCK) A city introduced congestion pricing to cut traffic and fund public transit.,False
S15,summarization,role_sum,mock,mock-model,0.3,0.9,196,Quantum computers exploit superposition and entanglement for speedups on specific problems.,,,,(MOCK) Quantum computers exploit superposition and entanglement for speedups on specific problems.,False
S16,summarization,role_sum,mock,mock-model,0.3,0.9,196,Quantum computers exploit superposition and entanglement for speedups on specific problems.,,,,(MOCK) Quantum computers exploit superposition and entanglement for speedups on specific problems.,False
S17,summarization,role_sum,mock,mock-model,0.3,0.9,196,Quantum computers exploit superposition and entanglement for speedups on specific problems.,,,,(MOCK) Quantum computers exploit superposition and entanglement for speedups on specific problems.,False
S18,summarization,role_sum,mock,mock-model,0.3,0.9,196,"A museum digitized archives, boosting access but raising copyright concerns.",,,,"(MOCK) A museum digitized archives, boosting access but raising copyright concerns.",False
S19,summarization,role_sum,mock,mock-model,0.3,0.9,196,"A new battery chemistry promises higher energy density and faster charging, with safety trade-offs.",,,,"(MOCK) A new battery chemistry promises higher energy density and faster charging, with safety trade-offs.",False
S20,summarization,role_sum,mock,mock-model,0.3,0.9,196,A coastal city invested in seawalls and wetland restoration to reduce storm surge risk.,,,,(MOCK) A coastal city invested in seawalls and wetland restoration to reduce storm surge risk.,False
S21,summarization,role_sum,mock,mock-model,0.3,0.9,196,Quantum computers exploit superposition and entanglement for speedups on specific problems. Policymakers are evaluating long-term trade-offs.,,,,(MOCK) Quantum computers exploit superposition and entanglement for speedups on specific problems.,False
S22,summarization,role_sum,mock,mock-model,0.3,0.9,196,A sports analytics team used player tracking data to optimize defenses. Policymakers are evaluating long-term trade-offs.,,,,(MOCK) A sports analytics team used player tracking data to optimize defenses.,False
S23,summarization,role_sum,mock,mock-model,0.3,0.9,196,CRISPR enables precise genome editing; it offers potential cures but raises ethical questions. Policymakers are evaluating long-term trade-offs.,,,,(MOCK) CRISPR enables precise genome editing; it offers potential cures but raises ethical questions.,False
S24,summarization,role_sum,mock,mock-model,0.3,0.9,196,"A new battery chemistry promises higher energy density and faster charging, with safety trade-offs.",,,,"(MOCK) A new battery chemistry promises higher energy density and faster charging, with safety trade-offs.",False
S25,summarization,role_sum,mock,mock-model,0.3,0.9,196,A city introduced congestion pricing to cut traffic and fund public transit.,,,,(MOCK) A city introduced congestion pricing to cut traffic and fund public transit.,False
S26,summarization,role_sum,mock,mock-model,0.3,0.9,196,"A museum digitized archives, boosting access but raising copyright concerns.",,,,"(MOCK) A museum digitized archives, boosting access but raising copyright concerns.",False
S27,summarization,role_sum,mock,mock-model,0.3,0.9,196,"A museum digitized archives, boosting access but raising copyright concerns. Policymakers are evaluating long-term trade-offs.",,,,"(MOCK) A museum digitized archives, boosting access but raising copyright concerns.",False
S28,summarization,role_sum,mock,mock-model,0.3,0.9,196,A sports analytics team used player tracking data to optimize defenses.,,,,(MOCK) A sports analytics team used player tracking data to optimize defenses.,False
S29,summarization,role_sum,mock,mock-model,0.3,0.9,196,An autonomous vehicle pilot expanded to suburbs after fewer disengagements in city tests.,,,,(MOCK) An autonomous vehicle pilot expanded to suburbs after fewer disengagements in city tests.,False
S30,summarization,role_sum,mock,mock-model,0.3,0.9,196,Quantum computers exploit superposition and entanglement for speedups on specific problems.,,,,(MOCK) Quantum computers exploit superposition and entanglement for speedups on specific problems.,False
S31,summarization,role_sum,mock,mock-model,0.3,0.9,196,"A museum digitized archives, boosting access but raising copyright concerns. Policymakers are evaluating long-term trade-offs.",,,,"(MOCK) A museum digitized archives, boosting access but raising copyright concerns.",False
S32,summarization,role_sum,mock,mock-model,0.3,0.9,196,A coastal city invested in seawalls and wetland restoration to reduce storm surge risk. Policymakers are evaluating long-term trade-offs.,,,,(MOCK) A coastal city invested in seawalls and wetland restoration to reduce storm surge risk.,False
S33,summarization,role_sum,mock,mock-model,0.3,0.9,196,An autonomous vehicle pilot expanded to suburbs after fewer disengagements in city tests.,,,,(MOCK) An autonomous vehicle pilot expanded to suburbs after fewer disengagements in city tests.,False
S34,summarization,role_sum,mock,mock-model,0.3,0.9,196,A city introduced congestion pricing to cut traffic and fund public transit.,,,,(MOCK) A city introduced congestion pricing to cut traffic and fund public transit.,False
S35,summarization,role_sum,mock,mock-model,0.3,0.9,196,A sports analytics team used player tracking data to optimize defenses.,,,,(MOCK) A sports analytics team used player tracking data to optimize defenses.,False
S36,summarization,role_sum,mock,mock-model,0.3,0.9,196,A coastal city invested in seawalls and wetland restoration to reduce storm surge risk.,,,,(MOCK) A coastal city invested in seawalls and wetland restoration to reduce storm surge risk.,False
S37,summarization,role_sum,mock,mock-model,0.3,0.9,196,A public health campaign raised vaccination rates with personalized text reminders.,,,,(MOCK) A public health campaign raised vaccination rates with personalized text reminders.,False
S38,summarization,role_sum,mock,mock-model,0.3,0.9,196,A public health campaign raised vaccination rates with personalized text reminders.,,,,(MOCK) A public health campaign raised vaccination rates with personalized text reminders.,False
S39,summarization,role_sum,mock,mock-model,0.3,0.9,196,A public health campaign raised vaccination rates with personalized text reminders.,,,,(MOCK) A public health campaign raised vaccination rates with personalized text reminders.,False
S40,summarization,role_sum,mock,mock-model,0.3,0.9,196,A sports analytics team used player tracking data to optimize defenses.,,,,(MOCK) A sports analytics team used player tracking data to optimize defenses.,False
S1,summarization,cot_sum,mock,mock-model,0.0,0.9,196,A coastal city invested in seawalls and wetland restoration to reduce storm surge risk. Policymakers are evaluating long-term trade-offs.,,,,(MOCK) A coastal city invested in seawalls and wetland restoration to reduce storm surge risk.,False
S2,summarization,cot_sum,mock,mock-model,0.0,0.9,196,Quantum computers exploit superposition and entanglement for speedups on specific problems. Policymakers are evaluating long-term trade-offs.,,,,(MOCK) Quantum computers exploit superposition and entanglement for speedups on specific problems.,False
S3,summarization,cot_sum,mock,mock-model,0.0,0.9,196,A sports analytics team used player tracking data to optimize defenses. Policymakers are evaluating long-term trade-offs.,,,,(MOCK) A sports analytics team used player tracking data to optimize defenses.,False
S4,summarization,cot_sum,mock,mock-model,0.0,0.9,196,CRISPR enables precise genome editing; it offers potential cures but raises ethical questions. Policymakers are evaluating long-term trade-offs.,,,,(MOCK) CRISPR enables precise genome editing; it offers potential cures but raises ethical questions.,False
S5,summarization,cot_sum,mock,mock-model,0.0,0.9,196,A city introduced congestion pricing to cut traffic and fund public transit. Policymakers are evaluating long-term trade-offs.,,,,(MOCK) A city introduced congestion pricing to cut traffic and fund public transit.,False
S6,summarization,cot_sum,mock,mock-model,0.0,0.9,196,A sports analytics team used player tracking data to optimize defenses.,,,,(MOCK) A sports analytics team used player tracking data to optimize defenses.,False
S7,summarization,cot_sum,mock,mock-model,0.0,0.9,196,A public health campaign raised vaccination rates with personalized text reminders.,,,,(MOCK) A public health campaign raised vaccination rates with personalized text reminders.,False
S8,summarization,cot_sum,mock,mock-model,0.0,0.9,196,A startup launched an AI tutor that adapts to each student’s pace and feedback.,,,,(MOCK) A startup launched an AI tutor that adapts to each student’s pace and feedback.,False
S9,summarization,cot_sum,mock,mock-model,0.0,0.9,196,A startup launched an AI tutor that adapts to each student’s pace and feedback. Policymakers are evaluating long-term trade-offs.,,,,(MOCK) A startup launched an AI tutor that adapts to each student’s pace and feedback.,False
S10,summarization,cot_sum,mock,mock-model,0.0,0.9,196,A coastal city invested in seawalls and wetland restoration to reduce storm surge risk. Policymakers are evaluating long-term trade-offs.,,,,(MOCK) A coastal city invested in seawalls and wetland restoration to reduce storm surge risk.,False
S11,summarization,cot_sum,mock,mock-model,0.0,0.9,196,"A new battery chemistry promises higher energy density and faster charging, with safety trade-offs.",,,,"(MOCK) A new battery chemistry promises higher energy density and faster charging, with safety trade-offs.",False
S12,summarization,cot_sum,mock,mock-model,0.0,0.9,196,"A museum digitized archives, boosting access but raising copyright concerns.",,,,"(MOCK) A museum digitized archives, boosting access but raising copyright concerns.",False
S13,summarization,cot_sum,mock,mock-model,0.0,0.9,196,An autonomous vehicle pilot expanded to suburbs after fewer disengagements in city tests. Policymakers are evaluating long-term trade-offs.,,,,(MOCK) An autonomous vehicle pilot expanded to suburbs after fewer disengagements in city tests.,False
S14,summarization,cot_sum,mock,mock-model,0.0,0.9,196,A city introduced congestion pricing to cut traffic and fund public transit.,,,,(MOCK) A city introduced congestion pricing to cut traffic and fund public transit.,False
S15,summarization,cot_sum,mock,mock-model,0.0,0.9,196,Quantum computers exploit superposition and entanglement for speedups on specific problems.,,,,(MOCK) Quantum computers exploit superposition and entanglement for speedups on specific problems.,False
S16,summarization,cot_sum,mock,mock-model,0.0,0.9,196,Quantum computers exploit superposition and entanglement for speedups on specific problems.,,,,(MOCK) Quantum computers exploit superposition and entanglement for speedups on specific problems.,False
S17,summarization,cot_sum,mock,mock-model,0.0,0.9,196,Quantum computers exploit superposition and entanglement for speedups on specific problems.,,,,(MOCK) Quantum computers exploit superposition and entanglement for speedups on specific problems.,False
S18,summarization,cot_sum,mock,mock-model,0.0,0.9,196,"A museum digitized archives, boosting access but raising copyright concerns.",,,,"(MOCK) A museum digitized archives, boosting access but raising copyright concerns.",False
S19,summarization,cot_sum,mock,mock-model,0.0,0.9,196,"A new battery chemistry promises higher energy density and faster charging, with safety trade-offs.",,,,"(MOCK) A new battery chemistry promises higher energy density and faster charging, with safety trade-offs.",False
S20,summarization,cot_sum,mock,mock-model,0.0,0.9,196,A coastal city invested in seawalls and wetland restoration to reduce storm surge risk.,,,,(MOCK) A coastal city invested in seawalls and wetland restoration to reduce storm surge risk.,False
S21,summarization,cot_sum,mock,mock-model,0.0,0.9,196,Quantum computers exploit superposition and entanglement for speedups on specific problems. Policymakers are evaluating long-term trade-offs.,,,,(MOCK) Quantum computers exploit superposition and entanglement for speedups on specific problems.,False
S22,summarization,cot_sum,mock,mock-model,0.0,0.9,196,A sports analytics team used player tracking data to optimize defenses. Policymakers are evaluating long-term trade-offs.,,,,(MOCK) A sports analytics team used player tracking data to optimize defenses.,False
S23,summarization,cot_sum,mock,mock-model,0.0,0.9,196,CRISPR enables precise genome editing; it offers potential cures but raises ethical questions. Policymakers are evaluating long-term trade-offs.,,,,(MOCK) CRISPR enables precise genome editing; it offers potential cures but raises ethical questions.,False
S24,summarization,cot_sum,mock,mock-model,0.0,0.9,196,"A new battery chemistry promises higher energy density and faster charging, with safety trade-offs.",,,,"(MOCK) A new battery chemistry promises higher energy density and faster charging, with safety trade-offs.",False
S25,summarization,cot_sum,mock,mock-model,0.0,0.9,196,A city introduced congestion pricing to cut traffic and fund public transit.,,,,(MOCK) A city introduced congestion pricing to cut traffic and fund public transit.,False
S26,summarization,cot_sum,mock,mock-model,0.0,0.9,196,"A museum digitized archives, boosting access but raising copyright concerns.",,,,"(MOCK) A museum digitized archives, boosting access but raising copyright concerns.",False
S27,summarization,cot_sum,mock,mock-model,0.0,0.9,196,"A museum digitized archives, boosting access but raising copyright concerns. Policymakers are evaluating long-term trade-offs.",,,,"(MOCK) A museum digitized archives, boosting access but raising copyright concerns.",False
S28,summarization,cot_sum,mock,mock-model,0.0,0.9,196,A sports analytics team used player tracking data to optimize defenses.,,,,(MOCK) A sports analytics team used player tracking data to optimize defenses.,False
S29,summarization,cot_sum,mock,mock-model,0.0,0.9,196,An autonomous vehicle pilot expanded to suburbs after fewer disengagements in city tests.,,,,(MOCK) An autonomous vehicle pilot expanded to suburbs after fewer disengagements in city tests.,False
S30,summarization,cot_sum,mock,mock-model,0.0,0.9,196,Quantum computers exploit superposition and entanglement for speedups on specific problems.,,,,(MOCK) Quantum computers exploit superposition and entanglement for speedups on specific problems.,False
S31,summarization,cot_sum,mock,mock-model,0.0,0.9,196,"A museum digitized archives, boosting access but raising copyright concerns. Policymakers are evaluating long-term trade-offs.",,,,"(MOCK) A museum digitized archives, boosting access but raising copyright concerns.",False
S32,summarization,cot_sum,mock,mock-model,0.0,0.9,196,A coastal city invested in seawalls and wetland restoration to reduce storm surge risk. Policymakers are evaluating long-term trade-offs.,,,,(MOCK) A coastal city invested in seawalls and wetland restoration to reduce storm surge risk.,False
S33,summarization,cot_sum,mock,mock-model,0.0,0.9,196,An autonomous vehicle pilot expanded to suburbs after fewer disengagements in city tests.,,,,(MOCK) An autonomous vehicle pilot expanded to suburbs after fewer disengagements in city tests.,False
S34,summarization,cot_sum,mock,mock-model,0.0,0.9,196,A city introduced congestion pricing to cut traffic and fund public transit.,,,,(MOCK) A city introduced congestion pricing to cut traffic and fund public transit.,False
S35,summarization,cot_sum,mock,mock-model,0.0,0.9,196,A sports analytics team used player tracking data to optimize defenses.,,,,(MOCK) A sports analytics team used player tracking data to optimize defenses.,False
S36,summarization,cot_sum,mock,mock-model,0.0,0.9,196,A coastal city invested in seawalls and wetland restoration to reduce storm surge risk.,,,,(MOCK) A coastal city invested in seawalls and wetland restoration to reduce storm surge risk.,False
S37,summarization,cot_sum,mock,mock-model,0.0,0.9,196,A public health campaign raised vaccination rates with personalized text reminders.,,,,(MOCK) A public health campaign raised vaccination rates with personalized text reminders.,False
S38,summarization,cot_sum,mock,mock-model,0.0,0.9,196,A public health campaign raised vaccination rates with personalized text reminders.,,,,(MOCK) A public health campaign raised vaccination rates with personalized text reminders.,False
S39,summarization,cot_sum,mock,mock-model,0.0,0.9,196,A public health campaign raised vaccination rates with personalized text reminders.,,,,(MOCK) A public health campaign raised vaccination rates with personalized text reminders.,False
S40,summarization,cot_sum,mock,mock-model,0.0,0.9,196,A sports analytics team used player tracking data to optimize defenses.,,,,(MOCK) A sports analytics team used player tracking data to optimize defenses.,False
S1,summarization,cot_sum,mock,mock-model,0.3,0.9,196,A coastal city invested in seawalls and wetland restoration to reduce storm surge risk. Policymakers are evaluating long-term trade-offs.,,,,(MOCK) A coastal city invested in seawalls and wetland restoration to reduce storm surge risk.,False
S2,summarization,cot_sum,mock,mock-model,0.3,0.9,196,Quantum computers exploit superposition and entanglement for speedups on specific problems. Policymakers are evaluating long-term trade-offs.,,,,(MOCK) Quantum computers exploit superposition and entanglement for speedups on specific problems.,False
S3,summarization,cot_sum,mock,mock-model,0.3,0.9,196,A sports analytics team used player tracking data to optimize defenses. Policymakers are evaluating long-term trade-offs.,,,,(MOCK) A sports analytics team used player tracking data to optimize defenses.,False
S4,summarization,cot_sum,mock,mock-model,0.3,0.9,196,CRISPR enables precise genome editing; it offers potential cures but raises ethical questions. Policymakers are evaluating long-term trade-offs.,,,,(MOCK) CRISPR enables precise genome editing; it offers potential cures but raises ethical questions.,False
S5,summarization,cot_sum,mock,mock-model,0.3,0.9,196,A city introduced congestion pricing to cut traffic and fund public transit. Policymakers are evaluating long-term trade-offs.,,,,(MOCK) A city introduced congestion pricing to cut traffic and fund public transit.,False
S6,summarization,cot_sum,mock,mock-model,0.3,0.9,196,A sports analytics team used player tracking data to optimize defenses.,,,,(MOCK) A sports analytics team used player tracking data to optimize defenses.,False
S7,summarization,cot_sum,mock,mock-model,0.3,0.9,196,A public health campaign raised vaccination rates with personalized text reminders.,,,,(MOCK) A public health campaign raised vaccination rates with personalized text reminders.,False
S8,summarization,cot_sum,mock,mock-model,0.3,0.9,196,A startup launched an AI tutor that adapts to each student’s pace and feedback.,,,,(MOCK) A startup launched an AI tutor that adapts to each student’s pace and feedback.,False
S9,summarization,cot_sum,mock,mock-model,0.3,0.9,196,A startup launched an AI tutor that adapts to each student’s pace and feedback. Policymakers are evaluating long-term trade-offs.,,,,(MOCK) A startup launched an AI tutor that adapts to each student’s pace and feedback.,False
S10,summarization,cot_sum,mock,mock-model,0.3,0.9,196,A coastal city invested in seawalls and wetland restoration to reduce storm surge risk. Policymakers are evaluating long-term trade-offs.,,,,(MOCK) A coastal city invested in seawalls and wetland restoration to reduce storm surge risk.,False
S11,summarization,cot_sum,mock,mock-model,0.3,0.9,196,"A new battery chemistry promises higher energy density and faster charging, with safety trade-offs.",,,,"(MOCK) A new battery chemistry promises higher energy density and faster charging, with safety trade-offs.",False
S12,summarization,cot_sum,mock,mock-model,0.3,0.9,196,"A museum digitized archives, boosting access but raising copyright concerns.",,,,"(MOCK) A museum digitized archives, boosting access but raising copyright concerns.",False
S13,summarization,cot_sum,mock,mock-model,0.3,0.9,196,An autonomous vehicle pilot expanded to suburbs after fewer disengagements in city tests. Policymakers are evaluating long-term trade-offs.,,,,(MOCK) An autonomous vehicle pilot expanded to suburbs after fewer disengagements in city tests.,False
S14,summarization,cot_sum,mock,mock-model,0.3,0.9,196,A city introduced congestion pricing to cut traffic and fund public transit.,,,,(MOCK) A city introduced congestion pricing to cut traffic and fund public transit.,False
S15,summarization,cot_sum,mock,mock-model,0.3,0.9,196,Quantum computers exploit superposition and entanglement for speedups on specific problems.,,,,(MOCK) Quantum computers exploit superposition and entanglement for speedups on specific problems.,False
S16,summarization,cot_sum,mock,mock-model,0.3,0.9,196,Quantum computers exploit superposition and entanglement for speedups on specific problems.,,,,(MOCK) Quantum computers exploit superposition and entanglement for speedups on specific problems.,False
S17,summarization,cot_sum,mock,mock-model,0.3,0.9,196,Quantum computers exploit superposition and entanglement for speedups on specific problems.,,,,(MOCK) Quantum computers exploit superposition and entanglement for speedups on specific problems.,False
S18,summarization,cot_sum,mock,mock-model,0.3,0.9,196,"A museum digitized archives, boosting access but raising copyright concerns.",,,,"(MOCK) A museum digitized archives, boosting access but raising copyright concerns.",False
S19,summarization,cot_sum,mock,mock-model,0.3,0.9,196,"A new battery chemistry promises higher energy density and faster charging, with safety trade-offs.",,,,"(MOCK) A new battery chemistry promises higher energy density and faster charging, with safety trade-offs.",False
S20,summarization,cot_sum,mock,mock-model,0.3,0.9,196,A coastal city invested in seawalls and wetland restoration to reduce storm surge risk.,,,,(MOCK) A coastal city invested in seawalls and wetland restoration to reduce storm surge risk.,False
S21,summarization,cot_sum,mock,mock-model,0.3,0.9,196,Quantum computers exploit superposition and entanglement for speedups on specific problems. Policymakers are evaluating long-term trade-offs.,,,,(MOCK) Quantum computers exploit superposition and entanglement for speedups on specific problems.,False
S22,summarization,cot_sum,mock,mock-model,0.3,0.9,196,A sports analytics team used player tracking data to optimize defenses. Policymakers are evaluating long-term trade-offs.,,,,(MOCK) A sports analytics team used player tracking data to optimize defenses.,False
S23,summarization,cot_sum,mock,mock-model,0.3,0.9,196,CRISPR enables precise genome editing; it offers potential cures but raises ethical questions. Policymakers are evaluating long-term trade-offs.,,,,(MOCK) CRISPR enables precise genome editing; it offers potential cures but raises ethical questions.,False
S24,summarization,cot_sum,mock,mock-model,0.3,0.9,196,"A new battery chemistry promises higher energy density and faster charging, with safety trade-offs.",,,,"(MOCK) A new battery chemistry promises higher energy density and faster charging, with safety trade-offs.",False
S25,summarization,cot_sum,mock,mock-model,0.3,0.9,196,A city introduced congestion pricing to cut traffic and fund public transit.,,,,(MOCK) A city introduced congestion pricing to cut traffic and fund public transit.,False
S26,summarization,cot_sum,mock,mock-model,0.3,0.9,196,"A museum digitized archives, boosting access but raising copyright concerns.",,,,"(MOCK) A museum digitized archives, boosting access but raising copyright concerns.",False
S27,summarization,cot_sum,mock,mock-model,0.3,0.9,196,"A museum digitized archives, boosting access but raising copyright concerns. Policymakers are evaluating long-term trade-offs.",,,,"(MOCK) A museum digitized archives, boosting access but raising copyright concerns.",False
S28,summarization,cot_sum,mock,mock-model,0.3,0.9,196,A sports analytics team used player tracking data to optimize defenses.,,,,(MOCK) A sports analytics team used player tracking data to optimize defenses.,False
S29,summarization,cot_sum,mock,mock-model,0.3,0.9,196,An autonomous vehicle pilot expanded to suburbs after fewer disengagements in city tests.,,,,(MOCK) An autonomous vehicle pilot expanded to suburbs after fewer disengagements in city tests.,False
S30,summarization,cot_sum,mock,mock-model,0.3,0.9,196,Quantum computers exploit superposition and entanglement for speedups on specific problems.,,,,(MOCK) Quantum computers exploit superposition and entanglement for speedups on specific problems.,False
S31,summarization,cot_sum,mock,mock-model,0.3,0.9,196,"A museum digitized archives, boosting access but raising copyright concerns. Policymakers are evaluating long-term trade-offs.",,,,"(MOCK) A museum digitized archives, boosting access but raising copyright concerns.",False
S32,summarization,cot_sum,mock,mock-model,0.3,0.9,196,A coastal city invested in seawalls and wetland restoration to reduce storm surge risk. Policymakers are evaluating long-term trade-offs.,,,,(MOCK) A coastal city invested in seawalls and wetland restoration to reduce storm surge risk.,False
S33,summarization,cot_sum,mock,mock-model,0.3,0.9,196,An autonomous vehicle pilot expanded to suburbs after fewer disengagements in city tests.,,,,(MOCK) An autonomous vehicle pilot expanded to suburbs after fewer disengagements in city tests.,False
S34,summarization,cot_sum,mock,mock-model,0.3,0.9,196,A city introduced congestion pricing to cut traffic and fund public transit.,,,,(MOCK) A city introduced congestion pricing to cut traffic and fund public transit.,False
S35,summarization,cot_sum,mock,mock-model,0.3,0.9,196,A sports analytics team used player tracking data to optimize defenses.,,,,(MOCK) A sports analytics team used player tracking data to optimize defenses.,False
S36,summarization,cot_sum,mock,mock-model,0.3,0.9,196,A coastal city invested in seawalls and wetland restoration to reduce storm surge risk.,,,,(MOCK) A coastal city invested in seawalls and wetland restoration to reduce storm surge risk.,False
S37,summarization,cot_sum,mock,mock-model,0.3,0.9,196,A public health campaign raised vaccination rates with personalized text reminders.,,,,(MOCK) A public health campaign raised vaccination rates with personalized text reminders.,False
S38,summarization,cot_sum,mock,mock-model,0.3,0.9,196,A public health campaign raised vaccination rates with personalized text reminders.,,,,(MOCK) A public health campaign raised vaccination rates with personalized text reminders.,False
S39,summarization,cot_sum,mock,mock-model,0.3,0.9,196,A public health campaign raised vaccination rates with personalized text reminders.,,,,(MOCK) A public health campaign raised vaccination rates with personalized text reminders.,False
S40,summarization,cot_sum,mock,mock-model,0.3,0.9,196,A sports analytics team used player tracking data to optimize defenses.,,,,(MOCK) A sports analytics team used player tracking data to optimize defenses.,False
S1,summarization,refusal_sum,mock,mock-model,0.0,0.9,196,A coastal city invested in seawalls and wetland restoration to reduce storm surge risk. Policymakers are evaluating long-term trade-offs.,,,,(MOCK) A coastal city invested in seawalls and wetland restoration to reduce storm surge risk.,False
S2,summarization,refusal_sum,mock,mock-model,0.0,0.9,196,Quantum computers exploit superposition and entanglement for speedups on specific problems. Policymakers are evaluating long-term trade-offs.,,,,(MOCK) Quantum computers exploit superposition and entanglement for speedups on specific problems.,False
S3,summarization,refusal_sum,mock,mock-model,0.0,0.9,196,A sports analytics team used player tracking data to optimize defenses. Policymakers are evaluating long-term trade-offs.,,,,(MOCK) A sports analytics team used player tracking data to optimize defenses.,False
S4,summarization,refusal_sum,mock,mock-model,0.0,0.9,196,CRISPR enables precise genome editing; it offers potential cures but raises ethical questions. Policymakers are evaluating long-term trade-offs.,,,,(MOCK) CRISPR enables precise genome editing; it offers potential cures but raises ethical questions.,False
S5,summarization,refusal_sum,mock,mock-model,0.0,0.9,196,A city introduced congestion pricing to cut traffic and fund public transit. Policymakers are evaluating long-term trade-offs.,,,,(MOCK) A city introduced congestion pricing to cut traffic and fund public transit.,False
S6,summarization,refusal_sum,mock,mock-model,0.0,0.9,196,A sports analytics team used player tracking data to optimize defenses.,,,,(MOCK) A sports analytics team used player tracking data to optimize defenses.,False
S7,summarization,refusal_sum,mock,mock-model,0.0,0.9,196,A public health campaign raised vaccination rates with personalized text reminders.,,,,(MOCK) A public health campaign raised vaccination rates with personalized text reminders.,False
S8,summarization,refusal_sum,mock,mock-model,0.0,0.9,196,A startup launched an AI tutor that adapts to each student’s pace and feedback.,,,,(MOCK) A startup launched an AI tutor that adapts to each student’s pace and feedback.,False
S9,summarization,refusal_sum,mock,mock-model,0.0,0.9,196,A startup launched an AI tutor that adapts to each student’s pace and feedback. Policymakers are evaluating long-term trade-offs.,,,,(MOCK) A startup launched an AI tutor that adapts to each student’s pace and feedback.,False
S10,summarization,refusal_sum,mock,mock-model,0.0,0.9,196,A coastal city invested in seawalls and wetland restoration to reduce storm surge risk. Policymakers are evaluating long-term trade-offs.,,,,(MOCK) A coastal city invested in seawalls and wetland restoration to reduce storm surge risk.,False
S11,summarization,refusal_sum,mock,mock-model,0.0,0.9,196,"A new battery chemistry promises higher energy density and faster charging, with safety trade-offs.",,,,"(MOCK) A new battery chemistry promises higher energy density and faster charging, with safety trade-offs.",False
S12,summarization,refusal_sum,mock,mock-model,0.0,0.9,196,"A museum digitized archives, boosting access but raising copyright concerns.",,,,"(MOCK) A museum digitized archives, boosting access but raising copyright concerns.",False
S13,summarization,refusal_sum,mock,mock-model,0.0,0.9,196,An autonomous vehicle pilot expanded to suburbs after fewer disengagements in city tests. Policymakers are evaluating long-term trade-offs.,,,,(MOCK) An autonomous vehicle pilot expanded to suburbs after fewer disengagements in city tests.,False
S14,summarization,refusal_sum,mock,mock-model,0.0,0.9,196,A city introduced congestion pricing to cut traffic and fund public transit.,,,,(MOCK) A city introduced congestion pricing to cut traffic and fund public transit.,False
S15,summarization,refusal_sum,mock,mock-model,0.0,0.9,196,Quantum computers exploit superposition and entanglement for speedups on specific problems.,,,,(MOCK) Quantum computers exploit superposition and entanglement for speedups on specific problems.,False
S16,summarization,refusal_sum,mock,mock-model,0.0,0.9,196,Quantum computers exploit superposition and entanglement for speedups on specific problems.,,,,(MOCK) Quantum computers exploit superposition and entanglement for speedups on specific problems.,False
S17,summarization,refusal_sum,mock,mock-model,0.0,0.9,196,Quantum computers exploit superposition and entanglement for speedups on specific problems.,,,,(MOCK) Quantum computers exploit superposition and entanglement for speedups on specific problems.,False
S18,summarization,refusal_sum,mock,mock-model,0.0,0.9,196,"A museum digitized archives, boosting access but raising copyright concerns.",,,,"(MOCK) A museum digitized archives, boosting access but raising copyright concerns.",False
S19,summarization,refusal_sum,mock,mock-model,0.0,0.9,196,"A new battery chemistry promises higher energy density and faster charging, with safety trade-offs.",,,,"(MOCK) A new battery chemistry promises higher energy density and faster charging, with safety trade-offs.",False
S20,summarization,refusal_sum,mock,mock-model,0.0,0.9,196,A coastal city invested in seawalls and wetland restoration to reduce storm surge risk.,,,,(MOCK) A coastal city invested in seawalls and wetland restoration to reduce storm surge risk.,False
S21,summarization,refusal_sum,mock,mock-model,0.0,0.9,196,Quantum computers exploit superposition and entanglement for speedups on specific problems. Policymakers are evaluating long-term trade-offs.,,,,(MOCK) Quantum computers exploit superposition and entanglement for speedups on specific problems.,False
S22,summarization,refusal_sum,mock,mock-model,0.0,0.9,196,A sports analytics team used player tracking data to optimize defenses. Policymakers are evaluating long-term trade-offs.,,,,(MOCK) A sports analytics team used player tracking data to optimize defenses.,False
S23,summarization,refusal_sum,mock,mock-model,0.0,0.9,196,CRISPR enables precise genome editing; it offers potential cures but raises ethical questions. Policymakers are evaluating long-term trade-offs.,,,,(MOCK) CRISPR enables precise genome editing; it offers potential cures but raises ethical questions.,False
S24,summarization,refusal_sum,mock,mock-model,0.0,0.9,196,"A new battery chemistry promises higher energy density and faster charging, with safety trade-offs.",,,,"(MOCK) A new battery chemistry promises higher energy density and faster charging, with safety trade-offs.",False
S25,summarization,refusal_sum,mock,mock-model,0.0,0.9,196,A city introduced congestion pricing to cut traffic and fund public transit.,,,,(MOCK) A city introduced congestion pricing to cut traffic and fund public transit.,False
S26,summarization,refusal_sum,mock,mock-model,0.0,0.9,196,"A museum digitized archives, boosting access but raising copyright concerns.",,,,"(MOCK) A museum digitized archives, boosting access but raising copyright concerns.",False
S27,summarization,refusal_sum,mock,mock-model,0.0,0.9,196,"A museum digitized archives, boosting access but raising copyright concerns. Policymakers are evaluating long-term trade-offs.",,,,"(MOCK) A museum digitized archives, boosting access but raising copyright concerns.",False
S28,summarization,refusal_sum,mock,mock-model,0.0,0.9,196,A sports analytics team used player tracking data to optimize defenses.,,,,(MOCK) A sports analytics team used player tracking data to optimize defenses.,False
S29,summarization,refusal_sum,mock,mock-model,0.0,0.9,196,An autonomous vehicle pilot expanded to suburbs after fewer disengagements in city tests.,,,,(MOCK) An autonomous vehicle pilot expanded to suburbs after fewer disengagements in city tests.,False
S30,summarization,refusal_sum,mock,mock-model,0.0,0.9,196,Quantum computers exploit superposition and entanglement for speedups on specific problems.,,,,(MOCK) Quantum computers exploit superposition and entanglement for speedups on specific problems.,False
S31,summarization,refusal_sum,mock,mock-model,0.0,0.9,196,"A museum digitized archives, boosting access but raising copyright concerns. Policymakers are evaluating long-term trade-offs.",,,,"(MOCK) A museum digitized archives, boosting access but raising copyright concerns.",False
S32,summarization,refusal_sum,mock,mock-model,0.0,0.9,196,A coastal city invested in seawalls and wetland restoration to reduce storm surge risk. Policymakers are evaluating long-term trade-offs.,,,,(MOCK) A coastal city invested in seawalls and wetland restoration to reduce storm surge risk.,False
S33,summarization,refusal_sum,mock,mock-model,0.0,0.9,196,An autonomous vehicle pilot expanded to suburbs after fewer disengagements in city tests.,,,,(MOCK) An autonomous vehicle pilot expanded to suburbs after fewer disengagements in city tests.,False
S34,summarization,refusal_sum,mock,mock-model,0.0,0.9,196,A city introduced congestion pricing to cut traffic and fund public transit.,,,,(MOCK) A city introduced congestion pricing to cut traffic and fund public transit.,False
S35,summarization,refusal_sum,mock,mock-model,0.0,0.9,196,A sports analytics team used player tracking data to optimize defenses.,,,,(MOCK) A sports analytics team used player tracking data to optimize defenses.,False
S36,summarization,refusal_sum,mock,mock-model,0.0,0.9,196,A coastal city invested in seawalls and wetland restoration to reduce storm surge risk.,,,,(MOCK) A coastal city invested in seawalls and wetland restoration to reduce storm surge risk.,False
S37,summarization,refusal_sum,mock,mock-model,0.0,0.9,196,A public health campaign raised vaccination rates with personalized text reminders.,,,,(MOCK) A public health campaign raised vaccination rates with personalized text reminders.,False
S38,summarization,refusal_sum,mock,mock-model,0.0,0.9,196,A public health campaign raised vaccination rates with personalized text reminders.,,,,(MOCK) A public health campaign raised vaccination rates with personalized text reminders.,False
S39,summarization,refusal_sum,mock,mock-model,0.0,0.9,196,A public health campaign raised vaccination rates with personalized text reminders.,,,,(MOCK) A public health campaign raised vaccination rates with personalized text reminders.,False
S40,summarization,refusal_sum,mock,mock-model,0.0,0.9,196,A sports analytics team used player tracking data to optimize defenses.,,,,(MOCK) A sports analytics team used player tracking data to optimize defenses.,False
S1,summarization,refusal_sum,mock,mock-model,0.3,0.9,196,A coastal city invested in seawalls and wetland restoration to reduce storm surge risk. Policymakers are evaluating long-term trade-offs.,,,,(MOCK) A coastal city invested in seawalls and wetland restoration to reduce storm surge risk.,False
S2,summarization,refusal_sum,mock,mock-model,0.3,0.9,196,Quantum computers exploit superposition and entanglement for speedups on specific problems. Policymakers are evaluating long-term trade-offs.,,,,(MOCK) Quantum computers exploit superposition and entanglement for speedups on specific problems.,False
S3,summarization,refusal_sum,mock,mock-model,0.3,0.9,196,A sports analytics team used player tracking data to optimize defenses. Policymakers are evaluating long-term trade-offs.,,,,(MOCK) A sports analytics team used player tracking data to optimize defenses.,False
S4,summarization,refusal_sum,mock,mock-model,0.3,0.9,196,CRISPR enables precise genome editing; it offers potential cures but raises ethical questions. Policymakers are evaluating long-term trade-offs.,,,,(MOCK) CRISPR enables precise genome editing; it offers potential cures but raises ethical questions.,False
S5,summarization,refusal_sum,mock,mock-model,0.3,0.9,196,A city introduced congestion pricing to cut traffic and fund public transit. Policymakers are evaluating long-term trade-offs.,,,,(MOCK) A city introduced congestion pricing to cut traffic and fund public transit.,False
S6,summarization,refusal_sum,mock,mock-model,0.3,0.9,196,A sports analytics team used player tracking data to optimize defenses.,,,,(MOCK) A sports analytics team used player tracking data to optimize defenses.,False
S7,summarization,refusal_sum,mock,mock-model,0.3,0.9,196,A public health campaign raised vaccination rates with personalized text reminders.,,,,(MOCK) A public health campaign raised vaccination rates with personalized text reminders.,False
S8,summarization,refusal_sum,mock,mock-model,0.3,0.9,196,A startup launched an AI tutor that adapts to each student’s pace and feedback.,,,,(MOCK) A startup launched an AI tutor that adapts to each student’s pace and feedback.,False
S9,summarization,refusal_sum,mock,mock-model,0.3,0.9,196,A startup launched an AI tutor that adapts to each student’s pace and feedback. Policymakers are evaluating long-term trade-offs.,,,,(MOCK) A startup launched an AI tutor that adapts to each student’s pace and feedback.,False
S10,summarization,refusal_sum,mock,mock-model,0.3,0.9,196,A coastal city invested in seawalls and wetland restoration to reduce storm surge risk. Policymakers are evaluating long-term trade-offs.,,,,(MOCK) A coastal city invested in seawalls and wetland restoration to reduce storm surge risk.,False
S11,summarization,refusal_sum,mock,mock-model,0.3,0.9,196,"A new battery chemistry promises higher energy density and faster charging, with safety trade-offs.",,,,"(MOCK) A new battery chemistry promises higher energy density and faster charging, with safety trade-offs.",False
S12,summarization,refusal_sum,mock,mock-model,0.3,0.9,196,"A museum digitized archives, boosting access but raising copyright concerns.",,,,"(MOCK) A museum digitized archives, boosting access but raising copyright concerns.",False
S13,summarization,refusal_sum,mock,mock-model,0.3,0.9,196,An autonomous vehicle pilot expanded to suburbs after fewer disengagements in city tests. Policymakers are evaluating long-term trade-offs.,,,,(MOCK) An autonomous vehicle pilot expanded to suburbs after fewer disengagements in city tests.,False
S14,summarization,refusal_sum,mock,mock-model,0.3,0.9,196,A city introduced congestion pricing to cut traffic and fund public transit.,,,,(MOCK) A city introduced congestion pricing to cut traffic and fund public transit.,False
S15,summarization,refusal_sum,mock,mock-model,0.3,0.9,196,Quantum computers exploit superposition and entanglement for speedups on specific problems.,,,,(MOCK) Quantum computers exploit superposition and entanglement for speedups on specific problems.,False
S16,summarization,refusal_sum,mock,mock-model,0.3,0.9,196,Quantum computers exploit superposition and entanglement for speedups on specific problems.,,,,(MOCK) Quantum computers exploit superposition and entanglement for speedups on specific problems.,False
S17,summarization,refusal_sum,mock,mock-model,0.3,0.9,196,Quantum computers exploit superposition and entanglement for speedups on specific problems.,,,,(MOCK) Quantum computers exploit superposition and entanglement for speedups on specific problems.,False
S18,summarization,refusal_sum,mock,mock-model,0.3,0.9,196,"A museum digitized archives, boosting access but raising copyright concerns.",,,,"(MOCK) A museum digitized archives, boosting access but raising copyright concerns.",False
S19,summarization,refusal_sum,mock,mock-model,0.3,0.9,196,"A new battery chemistry promises higher energy density and faster charging, with safety trade-offs.",,,,"(MOCK) A new battery chemistry promises higher energy density and faster charging, with safety trade-offs.",False
S20,summarization,refusal_sum,mock,mock-model,0.3,0.9,196,A coastal city invested in seawalls and wetland restoration to reduce storm surge risk.,,,,(MOCK) A coastal city invested in seawalls and wetland restoration to reduce storm surge risk.,False
S21,summarization,refusal_sum,mock,mock-model,0.3,0.9,196,Quantum computers exploit superposition and entanglement for speedups on specific problems. Policymakers are evaluating long-term trade-offs.,,,,(MOCK) Quantum computers exploit superposition and entanglement for speedups on specific problems.,False
S22,summarization,refusal_sum,mock,mock-model,0.3,0.9,196,A sports analytics team used player tracking data to optimize defenses. Policymakers are evaluating long-term trade-offs.,,,,(MOCK) A sports analytics team used player tracking data to optimize defenses.,False
S23,summarization,refusal_sum,mock,mock-model,0.3,0.9,196,CRISPR enables precise genome editing; it offers potential cures but raises ethical questions. Policymakers are evaluating long-term trade-offs.,,,,(MOCK) CRISPR enables precise genome editing; it offers potential cures but raises ethical questions.,False
S24,summarization,refusal_sum,mock,mock-model,0.3,0.9,196,"A new battery chemistry promises higher energy density and faster charging, with safety trade-offs.",,,,"(MOCK) A new battery chemistry promises higher energy density and faster charging, with safety trade-offs.",False
S25,summarization,refusal_sum,mock,mock-model,0.3,0.9,196,A city introduced congestion pricing to cut traffic and fund public transit.,,,,(MOCK) A city introduced congestion pricing to cut traffic and fund public transit.,False
S26,summarization,refusal_sum,mock,mock-model,0.3,0.9,196,"A museum digitized archives, boosting access but raising copyright concerns.",,,,"(MOCK) A museum digitized archives, boosting access but raising copyright concerns.",False
S27,summarization,refusal_sum,mock,mock-model,0.3,0.9,196,"A museum digitized archives, boosting access but raising copyright concerns. Policymakers are evaluating long-term trade-offs.",,,,"(MOCK) A museum digitized archives, boosting access but raising copyright concerns.",False
S28,summarization,refusal_sum,mock,mock-model,0.3,0.9,196,A sports analytics team used player tracking data to optimize defenses.,,,,(MOCK) A sports analytics team used player tracking data to optimize defenses.,False
S29,summarization,refusal_sum,mock,mock-model,0.3,0.9,196,An autonomous vehicle pilot expanded to suburbs after fewer disengagements in city tests.,,,,(MOCK) An autonomous vehicle pilot expanded to suburbs after fewer disengagements in city tests.,False
S30,summarization,refusal_sum,mock,mock-model,0.3,0.9,196,Quantum computers exploit superposition and entanglement for speedups on specific problems.,,,,(MOCK) Quantum computers exploit superposition and entanglement for speedups on specific problems.,False
S31,summarization,refusal_sum,mock,mock-model,0.3,0.9,196,"A museum digitized archives, boosting access but raising copyright concerns. Policymakers are evaluating long-term trade-offs.",,,,"(MOCK) A museum digitized archives, boosting access but raising copyright concerns.",False
S32,summarization,refusal_sum,mock,mock-model,0.3,0.9,196,A coastal city invested in seawalls and wetland restoration to reduce storm surge risk. Policymakers are evaluating long-term trade-offs.,,,,(MOCK) A coastal city invested in seawalls and wetland restoration to reduce storm surge risk.,False
S33,summarization,refusal_sum,mock,mock-model,0.3,0.9,196,An autonomous vehicle pilot expanded to suburbs after fewer disengagements in city tests.,,,,(MOCK) An autonomous vehicle pilot expanded to suburbs after fewer disengagements in city tests.,False
S34,summarization,refusal_sum,mock,mock-model,0.3,0.9,196,A city introduced congestion pricing to cut traffic and fund public transit.,,,,(MOCK) A city introduced congestion pricing to cut traffic and fund public transit.,False
S35,summarization,refusal_sum,mock,mock-model,0.3,0.9,196,A sports analytics team used player tracking data to optimize defenses.,,,,(MOCK) A sports analytics team used player tracking data to optimize defenses.,False
S36,summarization,refusal_sum,mock,mock-model,0.3,0.9,196,A coastal city invested in seawalls and wetland restoration to reduce storm surge risk.,,,,(MOCK) A coastal city invested in seawalls and wetland restoration to reduce storm surge risk.,False
S37,summarization,refusal_sum,mock,mock-model,0.3,0.9,196,A public health campaign raised vaccination rates with personalized text reminders.,,,,(MOCK) A public health campaign raised vaccination rates with personalized text reminders.,False
S38,summarization,refusal_sum,mock,mock-model,0.3,0.9,196,A public health campaign raised vaccination rates with personalized text reminders.,,,,(MOCK) A public health campaign raised vaccination rates with personalized text reminders.,False
S39,summarization,refusal_sum,mock,mock-model,0.3,0.9,196,A public health campaign raised vaccination rates with personalized text reminders.,,,,(MOCK) A public health campaign raised vaccination rates with personalized text reminders.,False
S40,summarization,refusal_sum,mock,mock-model,0.3,0.9,196,A sports analytics team used player tracking data to optimize defenses.,,,,(MOCK) A sports analytics team used player tracking data to optimize defenses.,False
Q1,qa,qa_strict_json,mock,mock-model,0.0,0.9,196,,Who planned Artemis II?,NASA planned Artemis II to return humans to the Moon. The mission will involve a crewed lunar orbit.,NASA,"{""answer"":""NASA"",""evidence"":""NASA planned Artemis II""}",False
Q2,qa,qa_strict_json,mock,mock-model,0.0,0.9,196,,What gas do plants release during photosynthesis?,Photosynthesis converts carbon dioxide and water into glucose and oxygen using sunlight. Recent reviews highlight open challenges and future directions.,oxygen,"{""answer"":""CANNOT_ANSWER"",""evidence"":""""}",False
Q3,qa,qa_strict_json,mock,mock-model,0.0,0.9,196,,What is the highest mountain above sea level?,"Mount Everest, located in the Himalayas, is Earth’s highest mountain above sea level.",Mount Everest,"{""answer"":""CANNOT_ANSWER"",""evidence"":""""}",False
Q4,qa,qa_strict_json,mock,mock-model,0.0,0.9,196,,How many chambers does the human heart have?,The human heart has four chambers: two atria and two ventricles.,four,"{""answer"":""CANNOT_ANSWER"",""evidence"":""""}",False
Q5,qa,qa_strict_json,mock,mock-model,0.0,0.9,196,,What is the capital of Canada?,"The capital of Canada is Ottawa, while the largest city is Toronto.",Ottawa,"{""answer"":""Ottawa"",""evidence"":""capital of Canada is Ottawa""}",False
Q6,qa,qa_strict_json,mock,mock-model,0.0,0.9,196,,How many chambers does the human heart have?,The human heart has four chambers: two atria and two ventricles.,four,"{""answer"":""CANNOT_ANSWER"",""evidence"":""""}",False
Q7,qa,qa_strict_json,mock,mock-model,0.0,0.9,196,,What is the highest mountain above sea level?,"Mount Everest, located in the Himalayas, is Earth’s highest mountain above sea level.",Mount Everest,"{""answer"":""CANNOT_ANSWER"",""evidence"":""""}",False
Q8,qa,qa_strict_json,mock,mock-model,0.0,0.9,196,,What treaty ended World War I?,The Treaty of Versailles formally ended World War I.,Treaty of Versailles,"{""answer"":""CANNOT_ANSWER"",""evidence"":""""}",False
Q9,qa,qa_strict_json,mock,mock-model,0.0,0.9,196,,What is the highest mountain above sea level?,"Mount Everest, located in the Himalayas, is Earth’s highest mountain above sea level. Recent reviews highlight open challenges and future directions.",Mount Everest,"{""answer"":""CANNOT_ANSWER"",""evidence"":""""}",False
Q10,qa,qa_strict_json,mock,mock-model,0.0,0.9,196,,Who is considered the first computer programmer?,Ada Lovelace is widely regarded as the first computer programmer. Recent reviews highlight open challenges and future directions.,Ada Lovelace,"{""answer"":""CANNOT_ANSWER"",""evidence"":""""}",False
Q11,qa,qa_strict_json,mock,mock-model,0.0,0.9,196,,Who planned Artemis II?,NASA planned Artemis II to return humans to the Moon. The mission will involve a crewed lunar orbit.,NASA,"{""answer"":""NASA"",""evidence"":""NASA planned Artemis II""}",False
Q12,qa,qa_strict_json,mock,mock-model,0.0,0.9,196,,What treaty ended World War I?,The Treaty of Versailles formally ended World War I. Recent reviews highlight open challenges and future directions.,Treaty of Versailles,"{""answer"":""CANNOT_ANSWER"",""evidence"":""""}",False
Q13,qa,qa_strict_json,mock,mock-model,0.0,0.9,196,,Where is the Great Barrier Reef located?,"The Great Barrier Reef lies off the coast of Queensland, Australia. Recent reviews highlight open challenges and future directions.",Australia,"{""answer"":""CANNOT_ANSWER"",""evidence"":""""}",False
Q14,qa,qa_strict_json,mock,mock-model,0.0,0.9,196,,What is overfitting?,"In machine learning, overfitting occurs when a model memorizes training data and fails to generalize.",failing to generalize,"{""answer"":""CANNOT_ANSWER"",""evidence"":""""}",False
Q15,qa,qa_strict_json,mock,mock-model,0.0,0.9,196,,What treaty ended World War I?,The Treaty of Versailles formally ended World War I. Recent reviews highlight open challenges and future directions.,Treaty of Versailles,"{""answer"":""CANNOT_ANSWER"",""evidence"":""""}",False
Q16,qa,qa_strict_json,mock,mock-model,0.0,0.9,196,,What treaty ended World War I?,The Treaty of Versailles formally ended World War I. Recent reviews highlight open challenges and future directions.,Treaty of Versailles,"{""answer"":""CANNOT_ANSWER"",""evidence"":""""}",False
Q17,qa,qa_strict_json,mock,mock-model,0.0,0.9,196,,What is the capital of Canada?,"The capital of Canada is Ottawa, while the largest city is Toronto. Recent reviews highlight open challenges and future directions.",Ottawa,"{""answer"":""Ottawa"",""evidence"":""capital of Canada is Ottawa""}",False
Q18,qa,qa_strict_json,mock,mock-model,0.0,0.9,196,,What is CRISPR-Cas9 used for?,CRISPR-Cas9 is a genome editing tool discovered in bacteria. It allows scientists to alter DNA precisely.,genome editing,"{""answer"":""CANNOT_ANSWER"",""evidence"":""""}",False
Q19,qa,qa_strict_json,mock,mock-model,0.0,0.9,196,,What gas do plants release during photosynthesis?,Photosynthesis converts carbon dioxide and water into glucose and oxygen using sunlight.,oxygen,"{""answer"":""CANNOT_ANSWER"",""evidence"":""""}",False
Q20,qa,qa_strict_json,mock,mock-model,0.0,0.9,196,,What is overfitting?,"In machine learning, overfitting occurs when a model memorizes training data and fails to generalize. Recent reviews highlight open challenges and future directions.",failing to generalize,"{""answer"":""CANNOT_ANSWER"",""evidence"":""""}",False
Q21,qa,qa_strict_json,mock,mock-model,0.0,0.9,196,,What is overfitting?,"In machine learning, overfitting occurs when a model memorizes training data and fails to generalize. Recent reviews highlight open challenges and future directions.",failing to generalize,"{""answer"":""CANNOT_ANSWER"",""evidence"":""""}",False
Q22,qa,qa_strict_json,mock,mock-model,0.0,0.9,196,,What is CRISPR-Cas9 used for?,CRISPR-Cas9 is a genome editing tool discovered in bacteria. It allows scientists to alter DNA precisely.,genome editing,"{""answer"":""CANNOT_ANSWER"",""evidence"":""""}",False
Q23,qa,qa_strict_json,mock,mock-model,0.0,0.9,196,,What is overfitting?,"In machine learning, overfitting occurs when a model memorizes training data and fails to generalize.",failing to generalize,"{""answer"":""CANNOT_ANSWER"",""evidence"":""""}",False
Q24,qa,qa_strict_json,mock,mock-model,0.0,0.9,196,,Where is the Great Barrier Reef located?,"The Great Barrier Reef lies off the coast of Queensland, Australia.",Australia,"{""answer"":""CANNOT_ANSWER"",""evidence"":""""}",False
Q25,qa,qa_strict_json,mock,mock-model,0.0,0.9,196,,What gas do plants release during photosynthesis?,Photosynthesis converts carbon dioxide and water into glucose and oxygen using sunlight.,oxygen,"{""answer"":""CANNOT_ANSWER"",""evidence"":""""}",False
Q26,qa,qa_strict_json,mock,mock-model,0.0,0.9,196,,Where is the Great Barrier Reef located?,"The Great Barrier Reef lies off the coast of Queensland, Australia. Recent reviews highlight open challenges and future directions.",Australia,"{""answer"":""CANNOT_ANSWER"",""evidence"":""""}",False
Q27,qa,qa_strict_json,mock,mock-model,0.0,0.9,196,,How many chambers does the human heart have?,The human heart has four chambers: two atria and two ventricles. Recent reviews highlight open challenges and future directions.,four,"{""answer"":""CANNOT_ANSWER"",""evidence"":""""}",False
Q28,qa,qa_strict_json,mock,mock-model,0.0,0.9,196,,Who is considered the first computer programmer?,Ada Lovelace is widely regarded as the first computer programmer.,Ada Lovelace,"{""answer"":""CANNOT_ANSWER"",""evidence"":""""}",False
Q29,qa,qa_strict_json,mock,mock-model,0.0,0.9,196,,What is CRISPR-Cas9 used for?,CRISPR-Cas9 is a genome editing tool discovered in bacteria. It allows scientists to alter DNA precisely. Recent reviews highlight open challenges and future directions.,genome editing,"{""answer"":""CANNOT_ANSWER"",""evidence"":""""}",False
Q30,qa,qa_strict_json,mock,mock-model,0.0,0.9,196,,What is overfitting?,"In machine learning, overfitting occurs when a model memorizes training data and fails to generalize.",failing to generalize,"{""answer"":""CANNOT_ANSWER"",""evidence"":""""}",False
Q31,qa,qa_strict_json,mock,mock-model,0.0,0.9,196,,What is CRISPR-Cas9 used for?,CRISPR-Cas9 is a genome editing tool discovered in bacteria. It allows scientists to alter DNA precisely. Recent reviews highlight open challenges and future directions.,genome editing,"{""answer"":""CANNOT_ANSWER"",""evidence"":""""}",False
Q32,qa,qa_strict_json,mock,mock-model,0.0,0.9,196,,What gas do plants release during photosynthesis?,Photosynthesis converts carbon dioxide and water into glucose and oxygen using sunlight.,oxygen,"{""answer"":""CANNOT_ANSWER"",""evidence"":""""}",False
Q33,qa,qa_strict_json,mock,mock-model,0.0,0.9,196,,What is the capital of Canada?,"The capital of Canada is Ottawa, while the largest city is Toronto.",Ottawa,"{""answer"":""Ottawa"",""evidence"":""capital of Canada is Ottawa""}",False
Q34,qa,qa_strict_json,mock,mock-model,0.0,0.9,196,,What is CRISPR-Cas9 used for?,CRISPR-Cas9 is a genome editing tool discovered in bacteria. It allows scientists to alter DNA precisely.,genome editing,"{""answer"":""CANNOT_ANSWER"",""evidence"":""""}",False
Q35,qa,qa_strict_json,mock,mock-model,0.0,0.9,196,,Where is the Great Barrier Reef located?,"The Great Barrier Reef lies off the coast of Queensland, Australia.",Australia,"{""answer"":""CANNOT_ANSWER"",""evidence"":""""}",False
Q36,qa,qa_strict_json,mock,mock-model,0.0,0.9,196,,What is the highest mountain above sea level?,"Mount Everest, located in the Himalayas, is Earth’s highest mountain above sea level.",Mount Everest,"{""answer"":""CANNOT_ANSWER"",""evidence"":""""}",False
Q37,qa,qa_strict_json,mock,mock-model,0.0,0.9,196,,Who is considered the first computer programmer?,Ada Lovelace is widely regarded as the first computer programmer.,Ada Lovelace,"{""answer"":""CANNOT_ANSWER"",""evidence"":""""}",False
Q38,qa,qa_strict_json,mock,mock-model,0.0,0.9,196,,What treaty ended World War I?,The Treaty of Versailles formally ended World War I. Recent reviews highlight open challenges and future directions.,Treaty of Versailles,"{""answer"":""CANNOT_ANSWER"",""evidence"":""""}",False
Q39,qa,qa_strict_json,mock,mock-model,0.0,0.9,196,,What treaty ended World War I?,The Treaty of Versailles formally ended World War I.,Treaty of Versailles,"{""answer"":""CANNOT_ANSWER"",""evidence"":""""}",False
Q40,qa,qa_strict_json,mock,mock-model,0.0,0.9,196,,What is CRISPR-Cas9 used for?,CRISPR-Cas9 is a genome editing tool discovered in bacteria. It allows scientists to alter DNA precisely.,genome editing,"{""answer"":""CANNOT_ANSWER"",""evidence"":""""}",False
Q1,qa,qa_strict_json,mock,mock-model,0.3,0.9,196,,Who planned Artemis II?,NASA planned Artemis II to return humans to the Moon. The mission will involve a crewed lunar orbit.,NASA,"{""answer"":""NASA"",""evidence"":""NASA planned Artemis II""}",False
Q2,qa,qa_strict_json,mock,mock-model,0.3,0.9,196,,What gas do plants release during photosynthesis?,Photosynthesis converts carbon dioxide and water into glucose and oxygen using sunlight. Recent reviews highlight open challenges and future directions.,oxygen,"{""answer"":""CANNOT_ANSWER"",""evidence"":""""}",False
Q3,qa,qa_strict_json,mock,mock-model,0.3,0.9,196,,What is the highest mountain above sea level?,"Mount Everest, located in the Himalayas, is Earth’s highest mountain above sea level.",Mount Everest,"{""answer"":""CANNOT_ANSWER"",""evidence"":""""}",False
Q4,qa,qa_strict_json,mock,mock-model,0.3,0.9,196,,How many chambers does the human heart have?,The human heart has four chambers: two atria and two ventricles.,four,"{""answer"":""CANNOT_ANSWER"",""evidence"":""""}",False
Q5,qa,qa_strict_json,mock,mock-model,0.3,0.9,196,,What is the capital of Canada?,"The capital of Canada is Ottawa, while the largest city is Toronto.",Ottawa,"{""answer"":""Ottawa"",""evidence"":""capital of Canada is Ottawa""}",False
Q6,qa,qa_strict_json,mock,mock-model,0.3,0.9,196,,How many chambers does the human heart have?,The human heart has four chambers: two atria and two ventricles.,four,"{""answer"":""CANNOT_ANSWER"",""evidence"":""""}",False
Q7,qa,qa_strict_json,mock,mock-model,0.3,0.9,196,,What is the highest mountain above sea level?,"Mount Everest, located in the Himalayas, is Earth’s highest mountain above sea level.",Mount Everest,"{""answer"":""CANNOT_ANSWER"",""evidence"":""""}",False
Q8,qa,qa_strict_json,mock,mock-model,0.3,0.9,196,,What treaty ended World War I?,The Treaty of Versailles formally ended World War I.,Treaty of Versailles,"{""answer"":""CANNOT_ANSWER"",""evidence"":""""}",False
Q9,qa,qa_strict_json,mock,mock-model,0.3,0.9,196,,What is the highest mountain above sea level?,"Mount Everest, located in the Himalayas, is Earth’s highest mountain above sea level. Recent reviews highlight open challenges and future directions.",Mount Everest,"{""answer"":""CANNOT_ANSWER"",""evidence"":""""}",False
Q10,qa,qa_strict_json,mock,mock-model,0.3,0.9,196,,Who is considered the first computer programmer?,Ada Lovelace is widely regarded as the first computer programmer. Recent reviews highlight open challenges and future directions.,Ada Lovelace,"{""answer"":""CANNOT_ANSWER"",""evidence"":""""}",False
Q11,qa,qa_strict_json,mock,mock-model,0.3,0.9,196,,Who planned Artemis II?,NASA planned Artemis II to return humans to the Moon. The mission will involve a crewed lunar orbit.,NASA,"{""answer"":""NASA"",""evidence"":""NASA planned Artemis II""}",False
Q12,qa,qa_strict_json,mock,mock-model,0.3,0.9,196,,What treaty ended World War I?,The Treaty of Versailles formally ended World War I. Recent reviews highlight open challenges and future directions.,Treaty of Versailles,"{""answer"":""CANNOT_ANSWER"",""evidence"":""""}",False
Q13,qa,qa_strict_json,mock,mock-model,0.3,0.9,196,,Where is the Great Barrier Reef located?,"The Great Barrier Reef lies off the coast of Queensland, Australia. Recent reviews highlight open challenges and future directions.",Australia,"{""answer"":""CANNOT_ANSWER"",""evidence"":""""}",False
Q14,qa,qa_strict_json,mock,mock-model,0.3,0.9,196,,What is overfitting?,"In machine learning, overfitting occurs when a model memorizes training data and fails to generalize.",failing to generalize,"{""answer"":""CANNOT_ANSWER"",""evidence"":""""}",False
Q15,qa,qa_strict_json,mock,mock-model,0.3,0.9,196,,What treaty ended World War I?,The Treaty of Versailles formally ended World War I. Recent reviews highlight open challenges and future directions.,Treaty of Versailles,"{""answer"":""CANNOT_ANSWER"",""evidence"":""""}",False
Q16,qa,qa_strict_json,mock,mock-model,0.3,0.9,196,,What treaty ended World War I?,The Treaty of Versailles formally ended World War I. Recent reviews highlight open challenges and future directions.,Treaty of Versailles,"{""answer"":""CANNOT_ANSWER"",""evidence"":""""}",False
Q17,qa,qa_strict_json,mock,mock-model,0.3,0.9,196,,What is the capital of Canada?,"The capital of Canada is Ottawa, while the largest city is Toronto. Recent reviews highlight open challenges and future directions.",Ottawa,"{""answer"":""Ottawa"",""evidence"":""capital of Canada is Ottawa""}",False
Q18,qa,qa_strict_json,mock,mock-model,0.3,0.9,196,,What is CRISPR-Cas9 used for?,CRISPR-Cas9 is a genome editing tool discovered in bacteria. It allows scientists to alter DNA precisely.,genome editing,"{""answer"":""CANNOT_ANSWER"",""evidence"":""""}",False
Q19,qa,qa_strict_json,mock,mock-model,0.3,0.9,196,,What gas do plants release during photosynthesis?,Photosynthesis converts carbon dioxide and water into glucose and oxygen using sunlight.,oxygen,"{""answer"":""CANNOT_ANSWER"",""evidence"":""""}",False
Q20,qa,qa_strict_json,mock,mock-model,0.3,0.9,196,,What is overfitting?,"In machine learning, overfitting occurs when a model memorizes training data and fails to generalize. Recent reviews highlight open challenges and future directions.",failing to generalize,"{""answer"":""CANNOT_ANSWER"",""evidence"":""""}",False
Q21,qa,qa_strict_json,mock,mock-model,0.3,0.9,196,,What is overfitting?,"In machine learning, overfitting occurs when a model memorizes training data and fails to generalize. Recent reviews highlight open challenges and future directions.",failing to generalize,"{""answer"":""CANNOT_ANSWER"",""evidence"":""""}",False
Q22,qa,qa_strict_json,mock,mock-model,0.3,0.9,196,,What is CRISPR-Cas9 used for?,CRISPR-Cas9 is a genome editing tool discovered in bacteria. It allows scientists to alter DNA precisely.,genome editing,"{""answer"":""CANNOT_ANSWER"",""evidence"":""""}",False
Q23,qa,qa_strict_json,mock,mock-model,0.3,0.9,196,,What is overfitting?,"In machine learning, overfitting occurs when a model memorizes training data and fails to generalize.",failing to generalize,"{""answer"":""CANNOT_ANSWER"",""evidence"":""""}",False
Q24,qa,qa_strict_json,mock,mock-model,0.3,0.9,196,,Where is the Great Barrier Reef located?,"The Great Barrier Reef lies off the coast of Queensland, Australia.",Australia,"{""answer"":""CANNOT_ANSWER"",""evidence"":""""}",False
Q25,qa,qa_strict_json,mock,mock-model,0.3,0.9,196,,What gas do plants release during photosynthesis?,Photosynthesis converts carbon dioxide and water into glucose and oxygen using sunlight.,oxygen,"{""answer"":""CANNOT_ANSWER"",""evidence"":""""}",False
Q26,qa,qa_strict_json,mock,mock-model,0.3,0.9,196,,Where is the Great Barrier Reef located?,"The Great Barrier Reef lies off the coast of Queensland, Australia. Recent reviews highlight open challenges and future directions.",Australia,"{""answer"":""CANNOT_ANSWER"",""evidence"":""""}",False
Q27,qa,qa_strict_json,mock,mock-model,0.3,0.9,196,,How many chambers does the human heart have?,The human heart has four chambers: two atria and two ventricles. Recent reviews highlight open challenges and future directions.,four,"{""answer"":""CANNOT_ANSWER"",""evidence"":""""}",False
Q28,qa,qa_strict_json,mock,mock-model,0.3,0.9,196,,Who is considered the first computer programmer?,Ada Lovelace is widely regarded as the first computer programmer.,Ada Lovelace,"{""answer"":""CANNOT_ANSWER"",""evidence"":""""}",False
Q29,qa,qa_strict_json,mock,mock-model,0.3,0.9,196,,What is CRISPR-Cas9 used for?,CRISPR-Cas9 is a genome editing tool discovered in bacteria. It allows scientists to alter DNA precisely. Recent reviews highlight open challenges and future directions.,genome editing,"{""answer"":""CANNOT_ANSWER"",""evidence"":""""}",False
Q30,qa,qa_strict_json,mock,mock-model,0.3,0.9,196,,What is overfitting?,"In machine learning, overfitting occurs when a model memorizes training data and fails to generalize.",failing to generalize,"{""answer"":""CANNOT_ANSWER"",""evidence"":""""}",False
Q31,qa,qa_strict_json,mock,mock-model,0.3,0.9,196,,What is CRISPR-Cas9 used for?,CRISPR-Cas9 is a genome editing tool discovered in bacteria. It allows scientists to alter DNA precisely. Recent reviews highlight open challenges and future directions.,genome editing,"{""answer"":""CANNOT_ANSWER"",""evidence"":""""}",False
Q32,qa,qa_strict_json,mock,mock-model,0.3,0.9,196,,What gas do plants release during photosynthesis?,Photosynthesis converts carbon dioxide and water into glucose and oxygen using sunlight.,oxygen,"{""answer"":""CANNOT_ANSWER"",""evidence"":""""}",False
Q33,qa,qa_strict_json,mock,mock-model,0.3,0.9,196,,What is the capital of Canada?,"The capital of Canada is Ottawa, while the largest city is Toronto.",Ottawa,"{""answer"":""Ottawa"",""evidence"":""capital of Canada is Ottawa""}",False
Q34,qa,qa_strict_json,mock,mock-model,0.3,0.9,196,,What is CRISPR-Cas9 used for?,CRISPR-Cas9 is a genome editing tool discovered in bacteria. It allows scientists to alter DNA precisely.,genome editing,"{""answer"":""CANNOT_ANSWER"",""evidence"":""""}",False
Q35,qa,qa_strict_json,mock,mock-model,0.3,0.9,196,,Where is the Great Barrier Reef located?,"The Great Barrier Reef lies off the coast of Queensland, Australia.",Australia,"{""answer"":""CANNOT_ANSWER"",""evidence"":""""}",False
Q36,qa,qa_strict_json,mock,mock-model,0.3,0.9,196,,What is the highest mountain above sea level?,"Mount Everest, located in the Himalayas, is Earth’s highest mountain above sea level.",Mount Everest,"{""answer"":""CANNOT_ANSWER"",""evidence"":""""}",False
Q37,qa,qa_strict_json,mock,mock-model,0.3,0.9,196,,Who is considered the first computer programmer?,Ada Lovelace is widely regarded as the first computer programmer.,Ada Lovelace,"{""answer"":""CANNOT_ANSWER"",""evidence"":""""}",False
Q38,qa,qa_strict_json,mock,mock-model,0.3,0.9,196,,What treaty ended World War I?,The Treaty of Versailles formally ended World War I. Recent reviews highlight open challenges and future directions.,Treaty of Versailles,"{""answer"":""CANNOT_ANSWER"",""evidence"":""""}",False
Q39,qa,qa_strict_json,mock,mock-model,0.3,0.9,196,,What treaty ended World War I?,The Treaty of Versailles formally ended World War I.,Treaty of Versailles,"{""answer"":""CANNOT_ANSWER"",""evidence"":""""}",False
Q40,qa,qa_strict_json,mock,mock-model,0.3,0.9,196,,What is CRISPR-Cas9 used for?,CRISPR-Cas9 is a genome editing tool discovered in bacteria. It allows scientists to alter DNA precisely.,genome editing,"{""answer"":""CANNOT_ANSWER"",""evidence"":""""}",False
